"","olat","olng","lat10","lon10","neighborhood","mode","time_start","dis"
"1",47.62083,-122.31667,47.60582,-122.32924,"Broadway",6,"5/19/2015 9:54:45.965 ",1918.7869016378
"2",47.58119,-122.32871,47.61822,-122.32585,"Industrial District",6,"5/19/2015 10:42:27.014 ",4127.74724154679
"3",47.62085,-122.31643,47.60112,-122.31688,"Broadway",6,"5/19/2015 16:04:11.021 ",2196.59317473227
"4",47.55023,-122.31727,47.59942,-122.31721,"Mid-Beacon Hill",6,"5/19/2015 18:27:00.000 ",5475.80760605341
"5",47.62089,-122.31667,47.59592,-122.31535,"Broadway",6,"5/21/2015 11:30:12.038 ",2781.41251353628
"6",47.60778,-122.30989,47.62084,-122.31695,"Minor",6,"5/21/2015 13:06:27.014 ",1547.35804128258
"7",47.62084,-122.31695,47.58695,-122.31651,"Broadway",6,"5/21/2015 19:25:59.981 ",3772.7620907375
"8",47.60901,-122.33411,47.71961,-122.32408,"Central Business District",6,"5/21/2015 22:44:44.995 ",12334.8772662523
"9",47.61947,-122.34522,47.64293,-122.31586,"South Lake Union",6,"5/21/2015 12:32:20.976 ",3416.34030499028
"10",47.66402,-122.29809,47.67583,-122.32212,"Ravenna",6,"5/21/2015 14:06:34.042 ",2230.08067679142
"11",47.61976,-122.34574,47.66097,-122.30083,"South Lake Union",6,"5/21/2015 20:04:29.021 ",5691.35980185823
"12",47.66398,-122.29871,47.67525,-122.33341,"Ravenna",6,"5/21/2015 20:28:47.021 ",2887.9549910731
"13",47.61848,-122.33665,47.6431,-122.31367,"Belltown",6,"5/21/2015 12:34:06.038 ",3237.7926650879
"14",47.66406,-122.29808,47.67556,-122.33201,"Ravenna",6,"5/21/2015 14:08:22.992 ",2847.48538513602
"15",47.66861,-122.3846,47.66216,-122.3492,"Adams",7,"5/19/2015 11:45:13.018 ",2749.3207147579
"16",47.67578,-122.31501,47.67845,-122.32708,"Roosevelt",7,"5/19/2015 12:12:20.016 ",952.248311412286
"17",47.67858,-122.32636,47.66898,-122.28493,"Green Lake",7,"5/19/2015 13:02:11.962 ",3284.20532588283
"18",47.69009,-122.29032,47.66856,-122.27453,"Wedgwood",7,"5/20/2015 17:07:35.040 ",2672.9679984819
"19",47.67567,-122.31732,47.66215,-122.29517,"Roosevelt",7,"5/21/2015 11:35:29.990 ",2241.03822279696
"20",47.72061,-122.30069,47.6837,-122.26427,"Olympic Hills",7,"5/21/2015 17:32:40.992 ",4932.21116109288
"21",47.66416,-122.2805,47.66523,-122.32597,"Laurelhurst",7,"5/19/2015 9:21:04.982 ",3410.97210969609
"22",47.66836,-122.38485,47.6614,-122.34278,"Adams",7,"5/19/2015 11:46:43.997 ",3247.75201036006
"23",47.67585,-122.31468,47.67821,-122.3272,"Roosevelt",7,"5/19/2015 12:12:23.040 ",974.485042529798
"24",47.67821,-122.3272,47.66461,-122.28442,"Green Lake",7,"5/19/2015 13:03:01.037 ",3546.21725382639
"25",47.67602,-122.31918,47.67747,-122.32793,"Roosevelt",7,"5/19/2015 17:19:38.035 ",675.408516898038
"26",47.6766,-122.32739,47.66402,-122.28036,"Green Lake",7,"5/19/2015 20:21:47.030 ",3793.41895575609
"27",47.66416,-122.28034,47.70612,-122.29086,"Laurelhurst",7,"5/20/2015 15:41:50.957 ",4737.03068320566
"28",47.68999,-122.29031,47.67467,-122.26477,"Wedgwood",7,"5/20/2015 17:05:47.990 ",2563.62633380869
"29",47.6618,-122.27799,47.67609,-122.31761,"Laurelhurst",7,"5/21/2015 9:45:45.965 ",3369.25014308415
"30",47.67604,-122.31763,47.66205,-122.29485,"Roosevelt",7,"5/21/2015 11:36:11.981 ",2311.1751629785
"31",47.66404,-122.28041,47.70996,-122.2803,"Laurelhurst",7,"5/21/2015 16:12:05.011 ",5111.79766363745
"32",47.66137,-122.30303,47.65786,-122.32273,"University District",6,"5/19/2015 7:54:59.990 ",1527.86234661146
"33",47.61164,-122.33511,47.62218,-122.32784,"Central Business District",6,"5/19/2015 16:13:16.982 ",1293.93007864438
"34",47.66838,-122.28397,47.66487,-122.34078,"Bryant",7,"5/20/2015 18:49:00.019 ",4276.78174695703
"35",47.63963,-122.35624,47.6648,-122.30966,"East Queen Anne",7,"5/20/2015 21:45:59.962 ",4477.87465253077
"36",47.66259,-122.27742,47.6632,-122.29766,"Laurelhurst",6,"5/21/2015 7:52:17.040 ",1518.96634584788
"37",47.61157,-122.33509,47.64232,-122.20161,"Central Business District",6,"5/21/2015 14:07:09.984 ",10583.1261635618
"38",47.61169,-122.33497,47.6205,-122.30757,"Central Business District",6,"5/21/2015 17:31:29.021 ",2278.01245671156
"39",47.66819,-122.37286,47.63702,-122.37388,"West Woodland",6,"5/19/2015 22:09:38.995 ",3470.67144965734
"40",47.6683,-122.37692,47.63735,-122.37427,"Adams",6,"5/19/2015 22:11:21.984 ",3451.06413148081
"41",47.63755,-122.37401,47.62586,-122.35542,"West Queen Anne",6,"5/21/2015 18:23:58.042 ",1907.42931184967
"42",47.62552,-122.35574,47.65782,-122.37624,"Lower Queen Anne",6,"5/21/2015 20:19:59.981 ",3910.57376852275
"43",47.67356,-122.37585,47.63723,-122.37411,"West Woodland",6,"5/21/2015 20:38:46.982 ",4046.34112177291
"44",47.58564,-122.31415,47.60142,-122.31749,"North Beacon Hill",6,"5/20/2015 8:57:07.027 ",1774.42683091708
"45",47.61287,-122.32227,47.59989,-122.31728,"First Hill",6,"5/20/2015 10:07:05.030 ",1492.6748638341
"46",47.58554,-122.31415,47.63043,-122.32588,"North Beacon Hill",6,"5/20/2015 10:35:39.984 ",5074.0862866877
"47",47.58564,-122.31405,47.61301,-122.30748,"North Beacon Hill",6,"5/21/2015 8:31:12.000 ",3086.46970797769
"48",47.58563,-122.31442,47.6183,-122.30279,"North Beacon Hill",6,"5/19/2015 9:17:09.974 ",3740.10857008492
"49",47.64838,-122.30911,47.63577,-122.30164,"University District",6,"5/19/2015 10:38:40.992 ",1511.41803460236
"50",47.58537,-122.31399,47.60294,-122.31897,"North Beacon Hill",6,"5/20/2015 8:57:47.030 ",1991.29304900536
"51",47.58555,-122.31409,47.61827,-122.31159,"North Beacon Hill",6,"5/21/2015 10:18:02.966 ",3647.20430096571
"52",47.64819,-122.33922,47.65228,-122.30324,"Wallingford",6,"5/19/2015 17:42:40.003 ",2736.31675097313
"53",47.64961,-122.33868,47.65772,-122.32601,"Wallingford",6,"5/20/2015 17:28:16.003 ",1310.60559700994
"54",47.64855,-122.34037,47.65361,-122.31519,"Wallingford",6,"5/21/2015 16:15:42.998 ",1970.46480622552
"55",47.59684,-122.32966,47.5992,-122.33321,"Pioneer Square",6,"5/20/2015 18:28:09.984 ",374.208795552342
"56",47.56414,-122.39655,47.57099,-122.35341,"Genesee",6,"5/21/2015 7:06:27.014 ",3328.74170137434
"57",47.58793,-122.32033,47.65843,-122.32246,"Industrial District",6,"5/21/2015 16:40:42.038 ",7849.65111174599
"58",47.56418,-122.39658,47.56283,-122.38628,"Genesee",6,"5/19/2015 12:34:46.992 ",788.148247384086
"59",47.56418,-122.39647,47.56271,-122.38567,"Genesee",6,"5/20/2015 8:04:31.958 ",827.586280723379
"60",47.56285,-122.38703,47.52645,-122.37661,"Genesee",6,"5/20/2015 13:59:55.997 ",4126.98509127636
"61",47.52228,-122.36796,47.56096,-122.3763,"Roxhill",6,"5/20/2015 15:06:21.024 ",4351.20931551419
"62",47.56412,-122.3966,47.60509,-122.33917,"Genesee",6,"5/20/2015 18:17:07.987 ",6276.54705582113
"63",47.59848,-122.33069,47.56464,-122.37753,"Pioneer Square",6,"5/20/2015 18:36:59.011 ",5153.76563472647
"64",47.56404,-122.39649,47.56289,-122.38715,"Genesee",6,"5/21/2015 7:54:40.982 ",713.161927801605
"65",47.55909,-122.38717,47.57147,-122.34336,"Seaview",6,"5/21/2015 16:15:29.002 ",3567.61942625096
"66",47.64904,-122.36076,47.59025,-122.33601,"North Queen Anne",6,"5/19/2015 9:10:28.042 ",6802.86607326575
"67",47.59071,-122.33373,47.57966,-122.17951,"Industrial District",6,"5/19/2015 9:56:07.008 ",11644.6432426758
"68",47.64865,-122.36359,47.62459,-122.33822,"North Queen Anne",6,"5/19/2015 14:45:23.990 ",3285.5757415588
"69",47.59055,-122.33379,47.67814,-122.34557,"Industrial District",6,"5/20/2015 15:25:01.978 ",9790.43431234626
"70",47.58548,-122.33384,47.59047,-122.33394,"Industrial District",6,"5/21/2015 8:44:19.018 ",555.534996648085
"71",47.59043,-122.33394,47.67425,-122.34724,"Industrial District",6,"5/21/2015 16:01:05.002 ",9383.99003479366
"72",47.64866,-122.3633,47.59603,-122.33441,"North Queen Anne",6,"5/19/2015 9:08:54.989 ",6246.8846743229
"73",47.59042,-122.33399,47.5798,-122.17571,"Industrial District",6,"5/19/2015 9:56:40.963 ",11943.0066529447
"74",47.64929,-122.36382,47.68561,-122.33739,"North Queen Anne",7,"5/19/2015 20:12:28.022 ",4502.51282218361
"75",47.64916,-122.36372,47.65479,-122.34729,"North Queen Anne",7,"5/20/2015 17:18:41.962 ",1382.3021258871
"76",47.64919,-122.36378,47.63625,-122.35692,"North Queen Anne",7,"5/21/2015 14:11:55.968 ",1529.60390134111
"77",47.64909,-122.36356,47.64693,-122.35171,"North Queen Anne",7,"5/21/2015 17:11:37.997 ",920.634746996319
"78",47.6992,-122.31099,47.71236,-122.33425,"Maple Leaf",7,"5/20/2015 17:12:37.008 ",2276.44265015246
"79",47.71374,-122.34301,47.74047,-122.34464,"Haller Lake",7,"5/20/2015 17:42:57.024 ",2978.07223112373
"80",47.67504,-122.31619,47.69949,-122.32129,"Roosevelt",7,"5/19/2015 10:18:23.011 ",2748.46306988897
"81",47.69958,-122.31198,47.78968,-122.31605,"Maple Leaf",7,"5/19/2015 10:32:36.989 ",10034.5121332942
"82",47.69921,-122.31085,47.71227,-122.34132,"Maple Leaf",7,"5/20/2015 17:13:08.026 ",2706.22095568239
"83",47.69936,-122.31098,47.67528,-122.31646,"Maple Leaf",7,"5/20/2015 20:02:25.037 ",2711.84689418917
"84",47.67528,-122.31646,47.75769,-122.32798,"Roosevelt",7,"5/20/2015 20:19:21.014 ",9214.3229421677
"85",47.67476,-122.31669,47.69943,-122.31098,"Roosevelt",7,"5/21/2015 10:48:22.032 ",2779.38732183604
"86",47.69908,-122.31101,47.70866,-122.32964,"Maple Leaf",7,"5/21/2015 13:29:04.963 ",1756.45118355278
"87",47.60732,-122.29791,47.64288,-122.30266,"Mann",7,"5/21/2015 15:29:14.006 ",3974.53074069784
"88",47.67503,-122.31656,47.69938,-122.31071,"Roosevelt",7,"5/21/2015 16:02:28.982 ",2745.85054098558
"89",47.69925,-122.31102,47.75746,-122.32823,"Maple Leaf",7,"5/21/2015 19:15:25.027 ",6606.80332168097
"90",47.71161,-122.28583,47.68207,-122.31999,"Matthews Beach",6,"5/20/2015 8:42:57.024 ",4167.00935712195
"91",47.65909,-122.35434,47.69048,-122.3399,"Fremont",7,"5/20/2015 9:37:56.986 ",3658.10958480142
"92",47.71159,-122.28568,47.66925,-122.31737,"Matthews Beach",7,"5/20/2015 11:16:11.021 ",5277.66668034372
"93",47.66679,-122.31712,47.70913,-122.31913,"University District",7,"5/20/2015 12:25:52.003 ",4715.67336622212
"94",47.70973,-122.31957,47.71772,-122.29666,"Pinehurst",7,"5/20/2015 13:56:00.989 ",1932.76973604306
"95",47.71157,-122.28579,47.68201,-122.32056,"Matthews Beach",7,"5/20/2015 18:22:45.034 ",4196.98272597612
"96",47.66143,-122.34047,47.70829,-122.30138,"Wallingford",7,"5/20/2015 20:07:37.978 ",5982.711046033
"97",47.71161,-122.28577,47.70244,-122.32678,"Matthews Beach",7,"5/21/2015 6:12:02.995 ",3237.19109776775
"98",47.70241,-122.32644,47.71192,-122.28962,"Maple Leaf",7,"5/21/2015 19:52:59.030 ",2954.34377908253
"99",47.60791,-122.33459,47.69074,-122.355,"Central Business District",7,"5/19/2015 11:51:57.024 ",9346.76679409295
"100",47.69398,-122.35308,47.69188,-122.35893,"Greenwood",6,"5/19/2015 15:29:50.986 ",496.778656791582
"101",47.69142,-122.35854,47.68027,-122.32482,"Greenwood",6,"5/19/2015 15:48:30.038 ",2815.34666086491
"102",47.67998,-122.32487,47.69395,-122.35295,"Green Lake",6,"5/19/2015 16:18:56.966 ",2616.55537598944
"103",47.69405,-122.35302,47.61336,-122.33047,"Greenwood",6,"5/21/2015 6:21:23.040 ",9140.14308444494
"104",47.69392,-122.35271,47.61294,-122.33057,"Greenwood",6,"5/21/2015 6:21:25.027 ",9166.25379895527
"105",47.64447,-122.3732,47.66292,-122.37363,"North Queen Anne",7,"5/21/2015 12:55:14.995 ",2054.09769344896
"106",47.64445,-122.37319,47.65811,-122.40644,"North Queen Anne",7,"5/21/2015 15:33:14.026 ",2920.50139011394
"107",47.65799,-122.40646,47.64452,-122.37335,"Lawton Park",7,"5/21/2015 16:40:46.963 ",2900.55397535969
"108",47.73395,-122.31309,47.75858,-122.25174,"Pinehurst",7,"5/19/2015 8:45:39.974 ",5348.45724134592
"109",47.55513,-122.3753,47.58755,-122.32014,"North Delridge",6,"5/21/2015 15:16:43.018 ",5494.2729381929
"110",47.56424,-122.37612,47.58919,-122.32057,"Fairmount Park",6,"5/21/2015 15:17:00.038 ",5011.62204713418
"111",47.62489,-122.35218,47.62447,-122.34018,"Lower Queen Anne",6,"5/19/2015 14:07:04.973 ",901.544139504215
"112",47.67947,-122.25826,47.67358,-122.26634,"Sand Point",6,"5/21/2015 21:54:17.021 ",892.570857379981
"113",47.6703,-122.32311,47.58972,-122.27795,"Wallingford",6,"5/20/2015 6:54:55.987 ",9588.58659552489
"114",47.67026,-122.32309,47.6135,-122.19642,"Wallingford",6,"5/21/2015 6:14:53.030 ",11409.8652746748
"115",47.67037,-122.32269,47.57794,-122.31949,"Wallingford",7,"5/19/2015 7:20:02.026 ",10292.0613003998
"116",47.67022,-122.32325,47.57024,-122.32025,"Wallingford",7,"5/20/2015 7:27:14.026 ",11131.9988301634
"117",47.65365,-122.34235,47.67022,-122.32291,"Wallingford",7,"5/20/2015 21:36:57.974 ",2350.89596833278
"118",47.67014,-122.323,47.58948,-122.32076,"Wallingford",7,"5/21/2015 7:45:54.029 ",8980.60249796637
"119",47.65415,-122.34217,47.67049,-122.32321,"Wallingford",7,"5/21/2015 21:01:11.971 ",2308.52218591113
"120",47.61962,-122.355,47.61922,-122.3222,"Lower Queen Anne",6,"5/19/2015 8:44:54.960 ",2461.55506567957
"121",47.61967,-122.35502,47.6157,-122.32215,"Lower Queen Anne",6,"5/20/2015 8:43:39.965 ",2505.76648311561
"122",47.61725,-122.32145,47.61859,-122.34316,"Broadway",6,"5/20/2015 15:28:09.984 ",1635.87461962238
"123",47.61968,-122.35508,47.6187,-122.32253,"Lower Queen Anne",6,"5/21/2015 8:49:08.026 ",2444.83943366296
"124",47.61726,-122.3217,47.61526,-122.32084,"Broadway",6,"5/21/2015 14:20:08.016 ",231.803295686139
"125",47.61526,-122.32084,47.62009,-122.3552,"Broadway",6,"5/21/2015 14:41:14.986 ",2633.75927869997
"126",47.61968,-122.35536,47.58178,-122.32909,"Lower Queen Anne",6,"5/21/2015 18:35:11.962 ",4657.07359032204
"127",47.56245,-122.32985,47.59668,-122.32703,"Industrial District",6,"5/21/2015 20:13:43.968 ",3816.34574680674
"128",47.59668,-122.32703,47.61339,-122.34643,"International District",6,"5/21/2015 22:34:54.019 ",2362.27177141934
"129",47.61967,-122.35501,47.57411,-122.3292,"Lower Queen Anne",6,"5/21/2015 18:36:41.040 ",5429.19646073085
"130",47.59678,-122.32718,47.61213,-122.34409,"International District",6,"5/21/2015 22:34:30.000 ",2128.55062515286
"131",47.53052,-122.36431,47.59453,-122.31772,"South Delridge",16,"5/19/2015 5:24:15.984 ",7938.60398592744
"132",47.53059,-122.36432,47.59483,-122.31625,"South Delridge",16,"5/20/2015 5:25:21.994 ",8011.07822963097
"133",47.57973,-122.29988,47.55618,-122.36302,"North Beacon Hill",16,"5/20/2015 12:13:42.010 ",5418.74661344051
"134",47.53058,-122.36427,47.5896,-122.32037,"South Delridge",16,"5/21/2015 5:25:02.035 ",7351.27485233597
"135",47.62735,-122.34316,47.66133,-122.34175,"Westlake",7,"5/19/2015 8:50:25.958 ",3784.11419312117
"136",47.66133,-122.34175,47.59869,-122.3218,"Wallingford",7,"5/19/2015 10:44:01.968 ",7131.85949792962
"137",47.65251,-122.34673,47.66125,-122.34183,"Fremont",7,"5/20/2015 9:34:32.995 ",1039.99348966401
"138",47.66125,-122.34183,47.61282,-122.33061,"Wallingford",7,"5/20/2015 11:50:33.043 ",5456.49861584281
"139",47.62738,-122.34319,47.66491,-122.38277,"Westlake",7,"5/20/2015 17:52:51.974 ",5124.97953221477
"140",47.67278,-122.39222,47.62664,-122.36834,"Adams",6,"5/20/2015 21:04:21.014 ",5439.51758522654
"141",47.62736,-122.34317,47.55715,-122.32085,"Westlake",6,"5/21/2015 9:54:13.997 ",7993.34908047753
"142",47.6158,-122.35158,47.65923,-122.37617,"Belltown",6,"5/19/2015 9:33:56.966 ",5174.5046308313
"143",47.71699,-122.36596,47.677,-122.38869,"Broadview",6,"5/19/2015 10:36:07.027 ",4766.29816317884
"144",47.67697,-122.38868,47.6425,-122.37626,"Loyal Heights",6,"5/19/2015 11:07:28.992 ",3948.56152228503
"145",47.61475,-122.31437,47.60444,-122.32744,"Broadway",6,"5/19/2015 12:18:13.997 ",1509.76034617166
"146",47.52276,-122.37682,47.57144,-122.35992,"Fauntleroy",6,"5/20/2015 9:34:46.992 ",5565.82671921049
"147",47.71704,-122.36621,47.66859,-122.37626,"Broadview",6,"5/20/2015 10:58:28.042 ",5445.74648557172
"148",47.6157,-122.35152,47.59115,-122.33693,"Belltown",6,"5/20/2015 14:47:46.982 ",2944.1374312488
"149",47.52195,-122.3797,47.57088,-122.34936,"Fauntleroy",6,"5/21/2015 6:10:09.034 ",5904.70485413151
"150",47.65975,-122.36948,47.67704,-122.38876,"West Woodland",6,"5/21/2015 11:20:10.003 ",2406.96459502882
"151",47.67704,-122.38876,47.62624,-122.36799,"Loyal Heights",6,"5/21/2015 11:58:17.962 ",5865.59719685378
"152",47.61482,-122.31423,47.57165,-122.32794,"Broadway",6,"5/21/2015 12:59:53.981 ",4914.64545548631
"153",47.62633,-122.30906,47.56947,-122.32053,"Stevens",6,"5/19/2015 5:33:22.032 ",6387.91839738215
"154",47.62621,-122.3093,47.64138,-122.26616,"Stevens",7,"5/21/2015 9:36:33.005 ",3650.24265638857
"155",47.62637,-122.30901,47.66908,-122.29979,"Stevens",7,"5/21/2015 19:38:07.037 ",4804.47173521477
"156",47.62633,-122.30911,47.60169,-122.31685,"Stevens",7,"5/19/2015 8:10:33.974 ",2803.73562045331
"157",47.58067,-122.31139,47.6143,-122.32961,"North Beacon Hill",7,"5/19/2015 12:17:14.986 ",3985.69175224372
"158",47.67485,-122.31739,47.63947,-122.31055,"Roosevelt",7,"5/19/2015 14:39:44.006 ",3971.73617476133
"159",47.62628,-122.30917,47.60875,-122.32688,"Stevens",7,"5/20/2015 8:22:57.965 ",2360.95564491576
"160",47.58083,-122.33099,47.5798,-122.32867,"Industrial District",7,"5/20/2015 13:24:41.011 ",208.557928069673
"161",47.62626,-122.30897,47.66843,-122.30056,"Stevens",7,"5/21/2015 19:38:37.018 ",4736.52282032348
"162",47.66858,-122.29518,47.62685,-122.30603,"Ravenna",7,"5/21/2015 21:12:42.998 ",4716.08772435098
"163",47.63546,-122.34747,47.68262,-122.32962,"East Queen Anne",6,"5/20/2015 9:49:30.000 ",5417.73913095241
"164",47.68312,-122.32942,47.69478,-122.31445,"Green Lake",6,"5/20/2015 11:54:55.958 ",1715.56373150311
"165",47.69478,-122.31445,47.6857,-122.33676,"Maple Leaf",6,"5/20/2015 13:29:35.981 ",1953.58032864328
"166",47.63701,-122.35838,47.62947,-122.34108,"West Queen Anne",6,"5/20/2015 16:14:03.984 ",1545.54185619534
"167",47.62513,-122.33727,47.7112,-122.32913,"South Lake Union",6,"5/20/2015 16:33:06.019 ",9600.68076016579
"168",47.63557,-122.34768,47.6413,-122.35477,"East Queen Anne",7,"5/21/2015 16:45:31.997 ",830.471799421356
"169",47.64595,-122.36069,47.63706,-122.35709,"North Queen Anne",7,"5/21/2015 17:09:53.021 ",1025.80443786529
"170",47.67513,-122.35813,47.65815,-122.34488,"Phinney Ridge",6,"5/19/2015 10:48:29.030 ",2135.31117476625
"171",47.54009,-122.2879,47.57705,-122.31948,"Holly Park",7,"5/19/2015 6:57:13.018 ",4749.33118916455
"172",47.61139,-122.28805,47.56393,-122.2955,"Madrona",7,"5/19/2015 14:38:08.966 ",5312.75063668234
"173",47.55589,-122.3166,47.54007,-122.28801,"Mid-Beacon Hill",7,"5/19/2015 15:52:25.997 ",2777.78282205595
"174",47.53904,-122.29728,47.57824,-122.31926,"Mid-Beacon Hill",7,"5/20/2015 6:34:10.013 ",4665.67366304238
"175",47.54004,-122.28797,47.54903,-122.25587,"Holly Park",6,"5/20/2015 18:43:41.030 ",2611.44278672583
"176",47.54004,-122.28799,47.59072,-122.32098,"Holly Park",7,"5/21/2015 6:17:56.976 ",6161.88093636466
"177",47.61253,-122.33754,47.54824,-122.31233,"Central Business District",7,"5/21/2015 12:55:46.013 ",7402.86515219598
"178",47.54011,-122.28788,47.55581,-122.32951,"Holly Park",6,"5/19/2015 12:45:50.026 ",3583.12252529042
"179",47.56516,-122.33047,47.53948,-122.29063,"Industrial District",6,"5/19/2015 13:43:03.043 ",4139.02492815401
"180",47.53997,-122.28804,47.54899,-122.25581,"Holly Park",6,"5/20/2015 18:43:41.981 ",2621.74778312739
"181",47.54934,-122.2564,47.54009,-122.28802,"Seward Park",6,"5/20/2015 19:52:52.982 ",2589.52969531108
"182",47.54006,-122.28805,47.57616,-122.31965,"Holly Park",7,"5/21/2015 13:36:09.014 ",4667.41531213115
"183",47.53974,-122.28805,47.47463,-122.27013,"Holly Park",6,"5/21/2015 18:43:53.990 ",7372.20932350415
"184",47.60337,-122.33822,47.59851,-122.3217,"Central Business District",6,"5/21/2015 9:51:51.005 ",1352.90078175454
"185",47.62491,-122.34398,47.61125,-122.34613,"Lower Queen Anne",6,"5/19/2015 16:31:35.990 ",1529.15838067267
"186",47.62632,-122.34497,47.61391,-122.34784,"Lower Queen Anne",6,"5/20/2015 16:28:31.008 ",1398.15864306476
"187",47.62559,-122.34401,47.61634,-122.34479,"Lower Queen Anne",6,"5/21/2015 16:25:07.018 ",1031.36716948214
"188",47.62912,-122.34208,47.62679,-122.32934,"Westlake",6,"5/19/2015 17:27:23.990 ",990.3597789992
"189",47.62263,-122.32124,47.65581,-122.3247,"Broadway",6,"5/19/2015 19:35:11.040 ",3702.68695851887
"190",47.62919,-122.34209,47.62366,-122.32921,"Westlake",6,"5/20/2015 17:28:07.018 ",1145.74845900107
"191",47.62239,-122.3211,47.65564,-122.32569,"Broadway",6,"5/20/2015 19:06:46.973 ",3717.35023632687
"192",47.62914,-122.34205,47.67738,-122.35438,"Westlake",6,"5/21/2015 12:57:06.970 ",5449.06567170475
"193",47.68294,-122.35573,47.70851,-122.32924,"Phinney Ridge",6,"5/21/2015 14:07:39.014 ",3470.09512086193
"194",47.70684,-122.32604,47.68757,-122.34459,"Maple Leaf",6,"5/21/2015 14:32:09.024 ",2556.01138563295
"195",47.64749,-122.35796,47.61681,-122.35271,"North Queen Anne",6,"5/19/2015 9:23:11.040 ",3437.91502860019
"196",47.617,-122.35187,47.63732,-122.35687,"Belltown",6,"5/19/2015 17:29:58.992 ",2292.90506115781
"197",47.64748,-122.35781,47.62457,-122.33746,"North Queen Anne",6,"5/20/2015 10:03:38.016 ",2972.25864465379
"198",47.6164,-122.3518,47.60086,-122.33539,"Belltown",6,"5/20/2015 13:01:34.982 ",2123.52576058583
"199",47.60086,-122.33539,47.62094,-122.33279,"Pioneer Square",6,"5/20/2015 13:19:18.998 ",2243.79554524707
"200",47.62094,-122.33279,47.61665,-122.35154,"South Lake Union",6,"5/20/2015 13:35:08.966 ",1485.76700242936
"201",47.61676,-122.35139,47.62001,-122.31355,"Belltown",6,"5/20/2015 19:57:29.981 ",2862.34189549836
"202",47.62035,-122.31271,47.64049,-122.32467,"Broadway",6,"5/20/2015 20:22:41.030 ",2414.84448824668
"203",47.64204,-122.32557,47.6461,-122.34958,"Eastlake",6,"5/20/2015 20:33:31.018 ",1856.59471292939
"204",47.66627,-122.38291,47.64754,-122.35783,"Adams",6,"5/21/2015 8:48:07.027 ",2807.78951905508
"205",47.61673,-122.35167,47.59168,-122.33676,"Belltown",6,"5/21/2015 13:34:59.981 ",3004.73167804785
"206",47.59382,-122.31055,47.59032,-122.32963,"North Beacon Hill",6,"5/21/2015 14:03:19.037 ",1484.46177414889
"207",47.61872,-122.34947,47.64281,-122.36092,"South Lake Union",6,"5/21/2015 16:25:38.986 ",2815.89503897588
"208",47.64744,-122.35771,47.61524,-122.33772,"North Queen Anne",6,"5/21/2015 21:03:18.979 ",3885.53497673232
"209",47.61184,-122.33628,47.62532,-122.3553,"Central Business District",6,"5/21/2015 21:16:43.018 ",2070.90198251983
"210",47.62458,-122.36043,47.64286,-122.31746,"Lower Queen Anne",6,"5/21/2015 12:46:16.032 ",3811.96317046117
"211",47.65615,-122.30495,47.62455,-122.343,"University District",6,"5/21/2015 21:01:53.962 ",4529.80987246568
"212",47.63237,-122.34241,47.69896,-122.3292,"Westlake",6,"5/19/2015 11:06:34.992 ",7478.62622657436
"213",47.63234,-122.34253,47.62412,-122.3358,"Westlake",6,"5/19/2015 16:30:08.035 ",1045.10044032387
"214",47.6324,-122.34254,47.622,-122.33722,"Westlake",6,"5/20/2015 16:30:01.037 ",1224.59161131027
"215",47.63236,-122.34252,47.62208,-122.33588,"Westlake",6,"5/21/2015 16:33:13.968 ",1248.09139267978
"216",47.62127,-122.33693,47.5817,-122.21877,"South Lake Union",7,"5/19/2015 19:12:03.974 ",9902.81735609148
"217",47.62131,-122.33687,47.62461,-122.33438,"South Lake Union",7,"5/20/2015 16:18:45.994 ",412.131910786242
"218",47.62162,-122.33677,47.59304,-122.31233,"South Lake Union",7,"5/21/2015 18:02:36.989 ",3672.41133262166
"219",47.51982,-122.38791,47.52248,-122.36886,"Fauntleroy",6,"5/20/2015 9:42:16.013 ",1462.39616344674
"220",47.51986,-122.38793,47.52316,-122.33489,"Fauntleroy",6,"5/20/2015 16:09:19.987 ",4004.19716850944
"221",47.51968,-122.38768,47.5588,-122.38672,"Fauntleroy",6,"5/20/2015 17:17:00.010 ",4355.416026769
"222",47.561,-122.38424,47.53694,-122.38179,"Genesee",6,"5/20/2015 19:42:25.027 ",2684.66555907755
"223",47.51978,-122.38772,47.5518,-122.38847,"Fauntleroy",6,"5/21/2015 10:02:58.013 ",3564.89574060026
"224",47.55143,-122.38726,47.51817,-122.38958,"Seaview",6,"5/21/2015 11:22:20.035 ",3706.58967368088
"225",47.51977,-122.38793,47.56013,-122.403,"Fauntleroy",6,"5/21/2015 12:04:43.997 ",4633.38886875345
"226",47.57834,-122.41318,47.5608,-122.38816,"Alki",6,"5/21/2015 14:17:50.986 ",2709.92636891135
"227",47.51976,-122.38775,47.56209,-122.3761,"Fauntleroy",7,"5/19/2015 6:26:07.987 ",4792.79092605077
"228",47.51974,-122.3876,47.56562,-122.37492,"Fauntleroy",7,"5/20/2015 6:26:56.026 ",5195.46050711785
"229",47.5197,-122.38781,47.57099,-122.34936,"Fauntleroy",7,"5/21/2015 6:22:30.000 ",6398.95766864552
"230",47.67596,-122.36148,47.63212,-122.3423,"West Woodland",6,"5/20/2015 10:33:41.962 ",5087.75821309547
"231",47.61273,-122.3352,47.62195,-122.33065,"Central Business District",6,"5/20/2015 15:01:42.989 ",1081.66377327676
"232",47.62024,-122.32885,47.67602,-122.34774,"South Lake Union",6,"5/20/2015 16:02:35.030 ",6368.94948278908
"233",47.68374,-122.35556,47.65525,-122.38104,"Greenwood",6,"5/21/2015 11:55:19.978 ",3702.25669303808
"234",47.67618,-122.36675,47.67631,-122.32481,"Whittier Heights",6,"5/21/2015 21:56:01.997 ",3143.58475379451
"235",47.68258,-122.31667,47.70288,-122.32488,"Roosevelt",6,"5/19/2015 7:51:15.005 ",2342.0227215644
"236",47.70932,-122.3211,47.67628,-122.31172,"Pinehurst",6,"5/19/2015 8:50:09.974 ",3744.54803221308
"237",47.6709,-122.3111,47.61903,-122.32869,"University District",6,"5/19/2015 11:49:20.035 ",5922.92700716358
"238",47.59836,-122.32448,47.66495,-122.31767,"International District",6,"5/19/2015 14:13:01.978 ",7430.34797372967
"239",47.67082,-122.31145,47.61938,-122.32886,"University District",6,"5/20/2015 6:52:59.002 ",5873.25503191658
"240",47.68254,-122.3167,47.70083,-122.32399,"Roosevelt",6,"5/19/2015 7:51:46.022 ",2108.03723278964
"241",47.67082,-122.31118,47.63719,-122.32337,"University District",6,"5/20/2015 6:52:13.987 ",3853.65125069944
"242",47.63804,-122.34689,47.61516,-122.33056,"East Queen Anne",7,"5/19/2015 12:34:24.010 ",2826.33393133789
"243",47.60705,-122.30932,47.6065,-122.32331,"Minor",7,"5/19/2015 14:12:28.973 ",1051.77888685371
"244",47.63785,-122.34685,47.69595,-122.33506,"East Queen Anne",7,"5/21/2015 12:12:29.002 ",6527.77651141737
"245",47.70431,-122.32615,47.71446,-122.34352,"Maple Leaf",7,"5/21/2015 13:47:54.989 ",1723.2412238218
"246",47.71471,-122.34291,47.65542,-122.34736,"Haller Lake",7,"5/21/2015 14:36:46.022 ",6608.55233048946
"247",47.638,-122.34678,47.6406,-122.36798,"East Queen Anne",7,"5/21/2015 15:25:13.987 ",1616.26568456837
"248",47.64039,-122.39882,47.64319,-122.36561,"Southeast Magnolia",7,"5/21/2015 15:59:04.992 ",2510.27662156953
"249",47.64352,-122.30441,47.64265,-122.3069,"Montlake",6,"5/19/2015 8:46:05.981 ",210.371503490261
"250",47.64909,-122.30808,47.61302,-122.30756,"University District",6,"5/19/2015 18:12:32.026 ",4015.48352234198
"251",47.60652,-122.31555,47.68229,-122.32121,"Minor",6,"5/19/2015 20:07:30.029 ",8445.35295217107
"252",47.72034,-122.29507,47.82638,-122.26357,"Olympic Hills",6,"5/19/2015 21:40:00.019 ",12037.2621983727
"253",47.64096,-122.30944,47.64509,-122.30485,"Montlake",6,"5/20/2015 9:05:13.978 ",574.353205815071
"254",47.64144,-122.30916,47.61703,-122.30747,"Montlake",6,"5/20/2015 18:13:45.984 ",2720.26497444515
"255",47.60649,-122.31547,47.78253,-122.3167,"Minor",6,"5/20/2015 18:58:49.958 ",19596.8998666933
"256",47.64104,-122.31034,47.64686,-122.3048,"Montlake",6,"5/21/2015 9:15:33.984 ",769.667228843323
"257",47.60624,-122.31588,47.65335,-122.3225,"Minor",6,"5/21/2015 18:37:32.016 ",5267.72445257942
"258",47.6423,-122.34389,47.65302,-122.31274,"East Queen Anne",7,"5/19/2015 15:57:58.032 ",2623.23256432385
"259",47.71222,-122.33467,47.77773,-122.31764,"Haller Lake",7,"5/20/2015 14:38:34.022 ",7403.12040141995
"260",47.71261,-122.33742,47.78215,-122.31647,"Haller Lake",7,"5/21/2015 14:32:21.984 ",7898.38988465747
"261",47.60512,-122.31586,47.79077,-122.31611,"Minor",7,"5/21/2015 20:14:21.984 ",20666.4719537631
"262",47.612,-122.33901,47.68052,-122.35507,"Belltown",7,"5/20/2015 20:19:23.002 ",7722.12052215488
"263",47.68052,-122.35507,47.66269,-122.32271,"Phinney Ridge",6,"5/21/2015 12:43:13.037 ",3134.26481209962
"264",47.68057,-122.35515,47.71518,-122.32574,"Phinney Ridge",7,"5/20/2015 11:14:07.987 ",4438.36634549059
"265",47.68045,-122.35538,47.61678,-122.34432,"Phinney Ridge",7,"5/20/2015 19:59:07.958 ",7136.07781969407
"266",47.61274,-122.33917,47.67609,-122.34868,"Belltown",7,"5/20/2015 20:12:26.986 ",7088.0663724929
"267",47.71963,-122.31235,47.70959,-122.32006,"Olympic Hills",6,"5/19/2015 12:35:40.042 ",1258.01598269684
"268",47.70666,-122.31501,47.67904,-122.3263,"Maple Leaf",7,"5/20/2015 15:55:28.042 ",3188.89942016818
"269",47.67829,-122.3274,47.67768,-122.32665,"Green Lake",7,"5/20/2015 16:05:38.026 ",88.1533148582824
"270",47.61462,-122.31799,47.59538,-122.32094,"Broadway",6,"5/19/2015 7:38:47.040 ",2153.2013433411
"271",47.54838,-122.32292,47.59406,-122.32372,"Georgetown",6,"5/19/2015 7:53:01.018 ",5085.42928911927
"272",47.54835,-122.32306,47.59887,-122.31659,"Georgetown",6,"5/19/2015 16:50:45.024 ",5644.81266999168
"273",47.59908,-122.31721,47.61284,-122.31703,"International District",6,"5/19/2015 17:25:53.962 ",1531.81576909972
"274",47.61507,-122.31773,47.56402,-122.32166,"Broadway",6,"5/20/2015 7:39:40.003 ",5690.5145782795
"275",47.54803,-122.32268,47.59317,-122.32355,"Georgetown",6,"5/20/2015 7:51:32.026 ",5025.38662657753
"276",47.54833,-122.32304,47.59581,-122.32388,"Georgetown",6,"5/20/2015 17:07:02.035 ",5285.82590672132
"277",47.61494,-122.31857,47.68212,-122.31882,"Broadway",6,"5/20/2015 21:30:41.011 ",7478.46689232893
"278",47.69578,-122.3183,47.61531,-122.32727,"Maple Leaf",6,"5/20/2015 21:51:19.037 ",8983.09490707753
"279",47.61436,-122.31833,47.56563,-122.32125,"Broadway",6,"5/19/2015 7:41:07.958 ",5429.02679681617
"280",47.59894,-122.31674,47.61296,-122.31636,"International District",6,"5/19/2015 17:25:44.026 ",1560.95983711466
"281",47.548,-122.32275,47.61261,-122.31673,"Georgetown",6,"5/20/2015 17:16:37.978 ",7206.54425564363
"282",47.54072,-122.39463,47.58975,-122.32036,"Gatewood",6,"5/19/2015 6:13:54.019 ",7804.53927572577
"283",47.52294,-122.36579,47.54082,-122.39476,"Roxhill",6,"5/19/2015 18:28:20.006 ",2950.04307087496
"284",47.54079,-122.39454,47.56122,-122.38151,"Gatewood",6,"5/20/2015 7:33:08.006 ",2476.01700918347
"285",47.5409,-122.39467,47.57157,-122.36126,"Gatewood",6,"5/21/2015 7:06:18.979 ",4237.50000009271
"286",47.73163,-122.31336,47.54087,-122.30362,"Pinehurst",6,"5/20/2015 6:07:39.994 ",21247.8706644339
"287",47.71489,-122.34401,47.73088,-122.31347,"Haller Lake",6,"5/20/2015 15:52:57.965 ",2898.08914792765
"288",47.73146,-122.3136,47.63675,-122.32324,"Pinehurst",6,"5/21/2015 5:52:34.003 ",10567.7919695833
"289",47.61591,-122.33502,47.62386,-122.33416,"Belltown",6,"5/19/2015 17:37:07.968 ",887.339444123384
"290",47.61591,-122.335,47.61873,-122.30311,"Belltown",6,"5/20/2015 13:51:53.971 ",2413.46943989596
"291",47.63413,-122.28083,47.64321,-122.3235,"Madison Park",6,"5/20/2015 15:56:22.042 ",3356.3858995727
"292",47.64198,-122.32451,47.67705,-122.32301,"Eastlake",6,"5/20/2015 18:13:17.990 ",3905.59418072715
"293",47.69392,-122.32619,47.64419,-122.32316,"Maple Leaf",6,"5/21/2015 8:39:54.979 ",5540.57614082091
"294",47.62619,-122.33237,47.61591,-122.33501,"South Lake Union",6,"5/21/2015 9:20:38.026 ",1161.38197415179
"295",47.61591,-122.33501,47.62604,-122.33214,"Belltown",6,"5/21/2015 17:35:07.958 ",1148.04391182083
"296",47.62604,-122.33214,47.64518,-122.32209,"South Lake Union",6,"5/21/2015 18:07:48.029 ",2260.09074852133
"297",47.68019,-122.32371,47.6939,-122.32612,"Green Lake",6,"5/20/2015 20:01:52.032 ",1536.8386949966
"298",47.62731,-122.33134,47.69373,-122.3261,"South Lake Union",6,"5/21/2015 18:20:12.970 ",7404.27100451493
"299",47.69301,-122.37805,47.69421,-122.34861,"Crown Hill",6,"5/19/2015 19:00:07.027 ",2209.93877580342
"300",47.69193,-122.35502,47.6786,-122.36064,"Greenwood",6,"5/19/2015 21:19:28.042 ",1542.50019913884
"301",47.67906,-122.36074,47.69296,-122.37823,"Phinney Ridge",6,"5/19/2015 21:47:43.037 ",2027.85048083926
"302",47.69304,-122.37815,47.70859,-122.32822,"Crown Hill",6,"5/21/2015 19:57:43.978 ",4121.77357514737
"303",47.70413,-122.31887,47.70507,-122.35528,"Maple Leaf",6,"5/21/2015 21:01:23.981 ",2729.58147939736
"304",47.69181,-122.35509,47.67902,-122.36079,"Greenwood",6,"5/19/2015 21:22:19.978 ",1486.47390019016
"305",47.69129,-122.35555,47.68674,-122.31996,"Greenwood",6,"5/20/2015 12:45:40.003 ",2714.61486763044
"306",47.69203,-122.31664,47.68672,-122.32066,"Maple Leaf",6,"5/20/2015 12:57:39.024 ",663.438665168547
"307",47.67297,-122.36797,47.69302,-122.37795,"West Woodland",6,"5/21/2015 13:03:50.976 ",2353.94141961314
"308",47.60861,-122.33192,47.65849,-122.34718,"Central Business District",17,"5/21/2015 16:28:03.014 ",5669.38667795612
"309",47.70424,-122.33214,47.67783,-122.34574,"North College Park",17,"5/21/2015 16:58:25.018 ",3111.56151495609
"310",47.6078,-122.33422,47.62327,-122.35912,"Central Business District",6,"5/20/2015 20:38:30.998 ",2541.06562340331
"311",47.60891,-122.33487,47.62405,-122.35904,"Central Business District",6,"5/19/2015 21:55:32.966 ",2475.88520280991
"312",47.60919,-122.33474,47.62434,-122.35964,"Central Business District",6,"5/20/2015 20:40:10.963 ",2517.02765129253
"313",47.60896,-122.33467,47.62439,-122.35878,"Central Business District",6,"5/21/2015 21:44:49.978 ",2494.70049761243
"314",47.62573,-122.35877,47.66745,-122.37619,"Lower Queen Anne",6,"5/20/2015 14:45:41.962 ",4824.50162464994
"315",47.70061,-122.37764,47.65394,-122.37624,"North Beach/Blue Ridge",6,"5/20/2015 15:31:45.984 ",5196.34023013365
"316",47.62954,-122.34239,47.62978,-122.35165,"Westlake",6,"5/20/2015 16:01:29.971 ",695.202769942925
"317",47.62594,-122.35923,47.61381,-122.33391,"Lower Queen Anne",6,"5/20/2015 18:16:08.976 ",2330.84577774405
"318",47.61217,-122.33333,47.62569,-122.35829,"Central Business District",6,"5/20/2015 21:41:46.982 ",2402.68129428474
"319",47.63765,-122.35646,47.626,-122.35918,"East Queen Anne",6,"5/21/2015 19:39:43.978 ",1312.82610793241
"320",47.72315,-122.34839,47.68184,-122.34452,"Bitter Lake",6,"5/19/2015 14:54:53.971 ",4607.73839334695
"321",47.62367,-122.3407,47.71162,-122.32868,"South Lake Union",6,"5/19/2015 19:15:27.965 ",9831.92841986668
"322",47.72334,-122.34899,47.65977,-122.34743,"Bitter Lake",6,"5/20/2015 9:15:05.990 ",7077.54540312686
"323",47.62347,-122.3408,47.62792,-122.32979,"South Lake Union",6,"5/20/2015 9:47:29.040 ",963.188109112424
"324",47.62792,-122.32979,47.62657,-122.3449,"South Lake Union",6,"5/20/2015 10:16:49.008 ",1143.52904510388
"325",47.62345,-122.3407,47.62683,-122.345,"South Lake Union",6,"5/20/2015 14:04:34.982 ",495.63335995534
"326",47.72229,-122.34544,47.6829,-122.34456,"Bitter Lake",6,"5/21/2015 11:44:24.029 ",4385.37030549442
"327",47.61398,-122.33442,47.6236,-122.33971,"Belltown",6,"5/21/2015 12:30:27.965 ",1142.09226959597
"328",47.62358,-122.34007,47.62776,-122.34508,"South Lake Union",6,"5/21/2015 18:02:47.962 ",598.168090508669
"329",47.73359,-122.35573,47.72309,-122.34853,"Broadview",6,"5/21/2015 19:01:08.976 ",1287.19794263735
"330",47.54348,-122.37432,47.51157,-122.30566,"High Point",6,"5/20/2015 8:55:50.995 ",6265.27505294479
"331",47.54356,-122.3747,47.57527,-122.37151,"High Point",6,"5/21/2015 17:20:25.037 ",3538.06579330084
"332",47.58033,-122.38651,47.56049,-122.38682,"North Admiral",6,"5/21/2015 18:38:50.986 ",2208.70141617882
"333",47.597,-122.32412,47.61507,-122.3268,"International District",6,"5/20/2015 7:27:02.016 ",2021.57503019052
"334",47.59701,-122.32402,47.59383,-122.32034,"International District",6,"5/20/2015 12:47:21.005 ",449.032894208379
"335",47.59676,-122.324,47.61715,-122.32805,"International District",6,"5/21/2015 7:14:29.040 ",2290.06695187271
"336",47.52964,-122.27109,47.5852,-122.30288,"Dunlap",6,"5/19/2015 6:50:34.022 ",6629.97678054189
"337",47.6508,-122.31252,47.64257,-122.21047,"University District",6,"5/19/2015 7:14:07.958 ",7707.98083218512
"338",47.55073,-122.2773,47.5368,-122.28458,"Columbia City",6,"5/19/2015 16:39:20.995 ",1644.34456918523
"339",47.52959,-122.27106,47.57837,-122.29818,"Dunlap",6,"5/20/2015 6:58:54.019 ",5799.83519521607
"340",47.65131,-122.31233,47.64187,-122.21274,"University District",6,"5/20/2015 7:26:01.968 ",7542.4284553069
"341",47.58786,-122.30557,47.55896,-122.29239,"North Beacon Hill",6,"5/20/2015 16:19:06.989 ",3365.96433251224
"342",47.52964,-122.27103,47.55348,-122.31837,"Dunlap",6,"5/20/2015 17:35:45.024 ",4438.28827675042
"343",47.5531,-122.32103,47.53553,-122.28086,"Georgetown",6,"5/20/2015 17:53:14.957 ",3596.76974866811
"344",47.5297,-122.27104,47.5784,-122.29811,"Dunlap",6,"5/21/2015 6:37:25.968 ",5790.17666733145
"345",47.66766,-122.30029,47.64209,-122.27074,"Ravenna",6,"5/21/2015 7:20:49.978 ",3607.2033186926
"346",47.52958,-122.27102,47.60203,-122.3024,"Dunlap",6,"5/19/2015 6:53:51.965 ",8402.45870687253
"347",47.52968,-122.271,47.58819,-122.30247,"Dunlap",6,"5/20/2015 7:01:05.002 ",6929.07078856596
"348",47.52964,-122.27099,47.59254,-122.30244,"Dunlap",6,"5/21/2015 6:40:05.030 ",7389.80969083995
"349",47.68612,-122.30812,47.6405,-122.3233,"Roosevelt",6,"5/19/2015 7:42:08.006 ",5204.35547592578
"350",47.68603,-122.30809,47.61492,-122.32975,"Roosevelt",6,"5/19/2015 12:44:26.995 ",8080.85796968407
"351",47.56655,-122.32256,47.59525,-122.32003,"Industrial District",6,"5/19/2015 16:57:03.024 ",3200.51281789394
"352",47.68601,-122.30822,47.6563,-122.32255,"Roosevelt",6,"5/20/2015 7:38:49.978 ",3477.37384941186
"353",47.56651,-122.3226,47.63114,-122.325,"Industrial District",6,"5/20/2015 11:58:27.034 ",7196.83391649497
"354",47.686,-122.30819,47.64134,-122.3233,"Roosevelt",6,"5/20/2015 12:48:34.013 ",5098.95853370161
"355",47.68599,-122.30808,47.65048,-122.32262,"Roosevelt",6,"5/21/2015 7:36:42.970 ",4100.47997641689
"356",47.56695,-122.32286,47.62925,-122.32822,"Industrial District",6,"5/21/2015 12:01:42.038 ",6946.86588626166
"357",47.68592,-122.30803,47.64226,-122.32331,"Roosevelt",6,"5/21/2015 12:50:10.003 ",4993.38877405768
"358",47.60868,-122.33148,47.63918,-122.32261,"Central Business District",6,"5/21/2015 17:11:58.992 ",3459.85271353571
"359",47.6861,-122.3084,47.74003,-122.28916,"Roosevelt",7,"5/19/2015 7:45:05.990 ",6173.99935937755
"360",47.68599,-122.30819,47.74614,-122.28593,"Roosevelt",7,"5/20/2015 8:17:55.997 ",6900.30203774686
"361",47.68601,-122.30809,47.75602,-122.27192,"Roosevelt",7,"5/21/2015 7:31:48.000 ",8250.79234886784
"362",47.57472,-122.40911,47.55797,-122.37764,"Alki",6,"5/19/2015 8:16:20.006 ",3010.65782966758
"363",47.55799,-122.37762,47.56409,-122.39029,"Fairmount Park",6,"5/19/2015 19:09:44.006 ",1169.16518950428
"364",47.57462,-122.40914,47.56043,-122.37872,"Alki",6,"5/20/2015 8:21:59.990 ",2777.71023548991
"365",47.55829,-122.37692,47.57113,-122.40527,"Fairmount Park",6,"5/20/2015 16:07:47.021 ",2564.69607855726
"366",47.57465,-122.40917,47.5715,-122.36435,"Alki",6,"5/21/2015 8:01:33.024 ",3384.2699878484
"367",47.70096,-122.36102,47.63736,-122.37627,"Greenwood",6,"5/19/2015 12:15:07.978 ",7171.6218382381
"368",47.62337,-122.35423,47.6877,-122.37673,"Lower Queen Anne",6,"5/19/2015 13:28:01.978 ",7357.23626108557
"369",47.70088,-122.36097,47.65222,-122.35465,"Greenwood",6,"5/19/2015 16:51:56.995 ",5437.47982592742
"370",47.64986,-122.35695,47.65247,-122.35524,"North Queen Anne",6,"5/19/2015 17:33:54.000 ",317.583413715489
"371",47.70096,-122.36104,47.65128,-122.35129,"Greenwood",6,"5/20/2015 16:02:00.038 ",5578.42838769623
"372",47.64981,-122.35736,47.67785,-122.37637,"North Queen Anne",6,"5/20/2015 16:25:47.021 ",3431.37582930406
"373",47.6727,-122.37609,47.68984,-122.35568,"West Woodland",6,"5/20/2015 18:37:18.019 ",2445.47907429121
"374",47.70099,-122.36108,47.69192,-122.35822,"Greenwood",6,"5/21/2015 12:39:48.010 ",1032.15633340747
"375",47.70091,-122.36107,47.65536,-122.36089,"Greenwood",6,"5/21/2015 16:48:15.034 ",5070.62075327476
"376",47.64976,-122.35731,47.65752,-122.3762,"North Queen Anne",6,"5/21/2015 17:18:37.987 ",1659.1111589913
"377",47.70096,-122.3609,47.6555,-122.36079,"Greenwood",7,"5/19/2015 8:28:07.968 ",5060.59076738313
"378",47.65007,-122.35688,47.69158,-122.37669,"North Queen Anne",7,"5/19/2015 9:00:12.010 ",4853.62083774639
"379",47.70093,-122.36094,47.64926,-122.37645,"Greenwood",6,"5/19/2015 12:13:07.018 ",5868.18841975436
"380",47.62365,-122.3542,47.67945,-122.37678,"Lower Queen Anne",6,"5/19/2015 13:26:48.970 ",6438.27754994946
"381",47.70132,-122.36111,47.66211,-122.35045,"Greenwood",7,"5/19/2015 19:38:32.006 ",4437.35041297218
"382",47.5526,-122.33371,47.64352,-122.34715,"Georgetown",7,"5/19/2015 22:51:44.986 ",10171.3268517267
"383",47.66361,-122.32234,47.62957,-122.17118,"Wallingford",7,"5/20/2015 9:46:35.990 ",11952.9559492727
"384",47.70101,-122.36084,47.65167,-122.35216,"Greenwood",7,"5/21/2015 8:45:11.981 ",5530.90146999885
"385",47.65004,-122.35751,47.66493,-122.34025,"North Queen Anne",7,"5/21/2015 9:20:15.994 ",2102.93153229245
"386",47.65325,-122.39179,47.66203,-122.34667,"Lawton Park",6,"5/19/2015 8:07:42.038 ",3521.46427748857
"387",47.61404,-122.31837,47.64322,-122.32013,"Broadway",6,"5/19/2015 17:37:31.987 ",3250.98521691693
"388",47.61975,-122.35763,47.64478,-122.28877,"Lower Queen Anne",17,"5/19/2015 18:58:10.042 ",5869.20347062699
"389",47.6367,-122.37765,47.61999,-122.35764,"Interbay",17,"5/20/2015 13:06:02.995 ",2390.3440052053
"390",47.61966,-122.35753,47.6186,-122.34937,"Lower Queen Anne",17,"5/20/2015 18:06:52.042 ",623.556583014817
"391",47.62101,-122.31788,47.6186,-122.33213,"Broadway",17,"5/21/2015 7:28:50.966 ",1102.38568482278
"392",47.61994,-122.35778,47.64683,-122.35227,"Lower Queen Anne",17,"5/21/2015 15:41:46.032 ",3021.78336671393
"393",47.65166,-122.33603,47.70518,-122.32698,"Wallingford",17,"5/21/2015 19:16:02.006 ",5996.30731713708
"394",47.70437,-122.32562,47.70154,-122.34476,"Maple Leaf",17,"5/21/2015 20:30:42.970 ",1468.07614465476
"395",47.70117,-122.34439,47.62468,-122.34232,"North College Park",17,"5/21/2015 20:53:14.006 ",8516.24202997247
"396",47.68048,-122.34695,47.66329,-122.36627,"Phinney Ridge",6,"5/21/2015 21:33:56.016 ",2399.82232158793
"397",47.66024,-122.36833,47.68041,-122.34676,"West Woodland",6,"5/21/2015 22:03:00.000 ",2766.93010123144
"398",47.60984,-122.2991,47.61569,-122.32352,"Mann",6,"5/21/2015 8:21:24.998 ",1944.85897932943
"399",47.61581,-122.32355,47.62593,-122.29272,"Broadway",6,"5/21/2015 16:44:41.021 ",2573.001223704
"400",47.62848,-122.2954,47.63116,-122.29535,"Stevens",6,"5/21/2015 16:55:01.027 ",298.359815300342
"401",47.63382,-122.29422,47.62908,-122.29406,"Madison Park",6,"5/21/2015 17:10:02.957 ",527.790886670451
"402",47.62809,-122.29492,47.60975,-122.29914,"Stevens",6,"5/21/2015 17:22:08.976 ",2066.00977511983
"403",47.61351,-122.3037,47.62469,-122.29422,"Minor",6,"5/19/2015 13:44:11.990 ",1433.49584527093
"404",47.60982,-122.29937,47.66313,-122.30085,"Mann",7,"5/21/2015 10:19:38.957 ",5935.48035042031
"405",47.72427,-122.29264,47.76667,-122.24272,"Cedar Park",6,"5/20/2015 21:07:22.022 ",6020.04333403529
"406",47.72889,-122.29227,47.67466,-122.29031,"Olympic Hills",6,"5/21/2015 18:16:39.043 ",6038.64151134757
"407",47.6687,-122.29293,47.73463,-122.2925,"Ravenna",6,"5/21/2015 21:11:17.981 ",7339.36472667533
"408",47.71474,-122.33739,47.73403,-122.2924,"Haller Lake",7,"5/19/2015 10:42:20.966 ",3995.1976924657
"409",47.61194,-122.32369,47.69405,-122.32954,"First Hill",6,"5/19/2015 18:41:20.976 ",9150.96386635925
"410",47.70877,-122.33256,47.80687,-122.30557,"Haller Lake",6,"5/19/2015 19:43:10.042 ",11105.6637928674
"411",47.6104,-122.32757,47.61087,-122.33064,"First Hill",6,"5/20/2015 17:37:49.008 ",236.262508741874
"412",47.61043,-122.32748,47.60996,-122.32992,"First Hill",6,"5/21/2015 18:57:16.992 ",190.445817891845
"413",47.6026,-122.31383,47.65248,-122.32242,"Minor",6,"5/19/2015 9:28:35.040 ",5589.88948943109
"414",47.664,-122.30018,47.65609,-122.32265,"Ravenna",6,"5/19/2015 13:46:57.965 ",1900.96214619095
"415",47.62045,-122.32934,47.60237,-122.31363,"South Lake Union",6,"5/19/2015 14:28:05.030 ",2332.549130028
"416",47.64208,-122.31884,47.59937,-122.30239,"Montlake",17,"5/19/2015 7:25:12.029 ",4912.06022475616
"417",47.55121,-122.31844,47.57207,-122.33466,"Mid-Beacon Hill",17,"5/19/2015 12:44:32.006 ",2622.36453819892
"418",47.55103,-122.31827,47.59678,-122.30847,"Mid-Beacon Hill",17,"5/19/2015 19:54:52.042 ",5145.77145772323
"419",47.59706,-122.30977,47.63574,-122.31376,"Atlantic",17,"5/19/2015 21:23:03.005 ",4316.23503422422
"420",47.64213,-122.31853,47.67583,-122.30901,"Montlake",17,"5/20/2015 9:57:01.958 ",3818.77008150881
"421",47.69279,-122.34404,47.69123,-122.34469,"North College Park",17,"5/20/2015 10:42:22.003 ",180.359160032486
"422",47.55575,-122.33518,47.56096,-122.33659,"Industrial District",17,"5/20/2015 11:39:24.998 ",589.567779845542
"423",47.56096,-122.33659,47.47124,-122.3317,"Industrial District",17,"5/20/2015 11:53:22.992 ",9994.34900803477
"424",47.64155,-122.32026,47.60936,-122.33201,"Montlake",17,"5/20/2015 14:23:44.966 ",3690.21976147549
"425",47.57218,-122.33457,47.59584,-122.3124,"Industrial District",6,"5/20/2015 15:05:13.027 ",3115.77921829627
"426",47.65094,-122.3222,47.6408,-122.30438,"Eastlake",6,"5/20/2015 15:54:34.992 ",1749.35432453985
"427",47.6408,-122.30438,47.66458,-122.2999,"Montlake",6,"5/20/2015 16:10:31.958 ",2668.40900959139
"428",47.66458,-122.29968,47.65752,-122.30178,"Ravenna",6,"5/20/2015 16:50:45.974 ",801.531842588677
"429",47.64206,-122.31884,47.66097,-122.31681,"Montlake",6,"5/20/2015 17:35:19.968 ",2110.54860504304
"430",47.67673,-122.30433,47.66126,-122.31724,"Ravenna",6,"5/20/2015 19:09:23.011 ",1975.41859843065
"431",47.65253,-122.31418,47.6476,-122.34983,"University District",6,"5/20/2015 17:10:31.037 ",2729.18246137711
"432",47.65234,-122.31428,47.66188,-122.29946,"University District",6,"5/21/2015 12:09:12.010 ",1537.08344414304
"433",47.65239,-122.31433,47.65452,-122.32238,"University District",6,"5/21/2015 17:57:37.008 ",648.538377864336
"434",47.64986,-122.35106,47.64517,-122.33337,"Fremont",6,"5/21/2015 18:33:42.019 ",1425.69205158679
"435",47.6452,-122.33336,47.65365,-122.3139,"Wallingford",6,"5/21/2015 20:23:04.013 ",1736.23471728187
"436",47.66601,-122.31324,47.64938,-122.34862,"University District",6,"5/21/2015 20:39:31.997 ",3234.8790823403
"437",47.63896,-122.34415,47.62449,-122.33891,"East Queen Anne",7,"5/19/2015 15:34:50.016 ",1658.06367420918
"438",47.62025,-122.32911,47.64185,-122.3454,"South Lake Union",7,"5/19/2015 16:12:38.966 ",2697.2267384018
"439",47.63759,-122.35612,47.61023,-122.33187,"East Queen Anne",7,"5/20/2015 10:00:11.002 ",3547.77091033825
"440",47.67045,-122.38375,47.63806,-122.34067,"Adams",6,"5/19/2015 6:47:43.987 ",4841.05835193091
"441",47.62664,-122.3301,47.65822,-122.36387,"South Lake Union",6,"5/19/2015 15:38:50.035 ",4332.86362711492
"442",47.67034,-122.38539,47.6259,-122.33869,"Adams",6,"5/20/2015 6:44:07.987 ",6061.24614679959
"443",47.6266,-122.33026,47.66436,-122.31631,"South Lake Union",6,"5/20/2015 16:05:24.979 ",4331.66775030078
"444",47.67986,-122.32472,47.67606,-122.36871,"Green Lake",6,"5/20/2015 17:28:00.019 ",3324.12318171874
"445",47.67041,-122.3837,47.63351,-122.34064,"Adams",6,"5/21/2015 6:43:34.982 ",5224.8979062544
"446",47.67033,-122.38363,47.62609,-122.33888,"Adams",6,"5/20/2015 6:44:04.013 ",5959.52610826111
"447",47.62665,-122.3308,47.67384,-122.32005,"South Lake Union",6,"5/20/2015 16:08:17.002 ",5314.6629197689
"448",47.67982,-122.3248,47.67602,-122.37542,"Green Lake",6,"5/20/2015 17:28:50.995 ",3817.5354339826
"449",47.6704,-122.38377,47.63184,-122.34105,"Adams",6,"5/21/2015 6:43:38.957 ",5356.1324419113
"450",47.67152,-122.31211,47.64752,-122.30467,"University District",6,"5/19/2015 9:19:42.989 ",2729.28313426951
"451",47.55605,-122.27032,47.59665,-122.30209,"Seward Park",6,"5/19/2015 15:10:37.978 ",5110.64624786128
"452",47.65951,-122.3423,47.63876,-122.30904,"Fremont",6,"5/21/2015 8:30:00.029 ",3399.53294439645
"453",47.61912,-122.31206,47.65602,-122.31623,"Stevens",6,"5/21/2015 10:16:45.984 ",4119.58091048117
"454",47.66188,-122.33674,47.63886,-122.32007,"Wallingford",6,"5/21/2015 18:32:11.040 ",2851.23243135264
"455",47.61619,-122.31171,47.65602,-122.32081,"Stevens",6,"5/21/2015 22:07:26.976 ",4486.09162386433
"456",47.6619,-122.33674,47.63226,-122.32028,"Wallingford",6,"5/21/2015 18:33:14.026 ",3522.86367859923
"457",47.6232,-122.3129,47.65557,-122.32673,"Broadway",6,"5/21/2015 22:07:59.981 ",3749.75340608511
"458",47.60598,-122.33398,47.49018,-122.26451,"Central Business District",7,"5/20/2015 13:57:36.979 ",13907.5126634524
"459",47.66998,-122.39715,47.62536,-122.36674,"Adams",6,"5/19/2015 15:19:02.986 ",5465.61140806841
"460",47.59754,-122.31252,47.60665,-122.34078,"Atlantic",6,"5/19/2015 16:39:27.994 ",2351.15084698593
"461",47.67029,-122.38703,47.67013,-122.39732,"Adams",6,"5/19/2015 17:32:06.000 ",771.566737434098
"462",47.67015,-122.39701,47.66701,-122.38297,"Adams",6,"5/20/2015 7:26:24.000 ",1109.02727990324
"463",47.66725,-122.38299,47.64058,-122.34613,"Adams",6,"5/20/2015 7:46:41.030 ",4056.33332465347
"464",47.57582,-122.3283,47.59257,-122.33541,"Industrial District",6,"5/20/2015 8:19:10.992 ",1939.52164228242
"465",47.66996,-122.39713,47.67724,-122.4019,"Adams",6,"5/20/2015 17:05:28.032 ",885.774925024538
"466",47.67399,-122.40751,47.67276,-122.40182,"Sunset Hill",6,"5/20/2015 20:18:32.026 ",447.948562731365
"467",47.67001,-122.39717,47.64708,-122.34741,"Adams",6,"5/20/2015 21:31:28.963 ",4520.569874238
"468",47.57577,-122.32811,47.60866,-122.34245,"Industrial District",6,"5/20/2015 21:50:39.034 ",3816.29301420544
"469",47.66995,-122.39716,47.68184,-122.35698,"Adams",7,"5/21/2015 19:45:02.966 ",3289.67222227615
"470",47.68269,-122.35556,47.67666,-122.36067,"Phinney Ridge",7,"5/21/2015 22:35:46.032 ",772.829014783986
"471",47.66696,-122.38276,47.64385,-122.34741,"Adams",6,"5/20/2015 7:46:46.042 ",3693.81444848958
"472",47.66996,-122.39722,47.62037,-122.3604,"Adams",6,"5/19/2015 15:20:22.992 ",6172.48663869439
"473",47.59769,-122.31209,47.61541,-122.3544,"Atlantic",6,"5/19/2015 16:42:36.000 ",3738.31381443981
"474",47.6227,-122.35894,47.62432,-122.34293,"Lower Queen Anne",7,"5/19/2015 15:58:33.024 ",1214.67998262479
"475",47.62293,-122.35854,47.65359,-122.37615,"Lower Queen Anne",7,"5/20/2015 17:59:46.003 ",3659.74112252214
"476",47.72048,-122.36727,47.73422,-122.32044,"Broadview",7,"5/20/2015 19:48:41.990 ",3825.69602951454
"477",47.6263,-122.3082,47.64358,-122.32194,"Stevens",6,"5/19/2015 17:47:15.014 ",2182.32314376922
"478",47.69022,-122.32298,47.74679,-122.32347,"Roosevelt",6,"5/19/2015 19:05:22.992 ",6297.4505196599
"479",47.62629,-122.30823,47.65712,-122.32195,"Stevens",6,"5/20/2015 17:41:30.019 ",3582.93394605081
"480",47.64322,-122.32171,47.74833,-122.32872,"Portage Bay",6,"5/21/2015 18:13:45.034 ",11712.5739944683
"481",47.66233,-122.37513,47.62684,-122.36191,"West Woodland",6,"5/19/2015 11:41:09.974 ",4073.24239132854
"482",47.62673,-122.36182,47.66352,-122.37622,"Lower Queen Anne",6,"5/19/2015 14:53:52.973 ",4235.44648631885
"483",47.63234,-122.36086,47.62678,-122.36188,"West Queen Anne",6,"5/20/2015 9:44:49.978 ",623.648691484261
"484",47.62678,-122.36188,47.59017,-122.33457,"Lower Queen Anne",6,"5/20/2015 12:45:33.005 ",4561.79300778773
"485",47.57974,-122.3289,47.62348,-122.36426,"Industrial District",6,"5/20/2015 14:54:39.974 ",5545.51758431804
"486",47.64937,-122.37767,47.62695,-122.36199,"Interbay",6,"5/20/2015 15:36:34.042 ",2759.02378176011
"487",47.62674,-122.36155,47.6467,-122.35125,"Lower Queen Anne",6,"5/21/2015 18:16:31.958 ",2352.42945169535
"488",47.66063,-122.31276,47.76435,-122.35124,"University District",6,"5/20/2015 20:20:20.026 ",11900.3596211222
"489",47.55922,-122.33344,47.59436,-122.32046,"Industrial District",6,"5/19/2015 14:36:32.026 ",4031.3840693934
"490",47.6622,-122.28194,47.71046,-122.28088,"Laurelhurst",6,"5/19/2015 17:40:41.981 ",5372.86586583872
"491",47.66285,-122.28294,47.65154,-122.30372,"Laurelhurst",6,"5/20/2015 8:18:55.008 ",2003.20376531388
"492",47.55919,-122.33306,47.58863,-122.32597,"Industrial District",6,"5/20/2015 15:16:50.966 ",3320.21924633609
"493",47.66206,-122.28228,47.66794,-122.30066,"Laurelhurst",6,"5/20/2015 18:43:43.968 ",1525.50768644426
"494",47.55166,-122.33408,47.55919,-122.33289,"Georgetown",6,"5/21/2015 7:55:24.960 ",842.989766117403
"495",47.55919,-122.33289,47.59623,-122.32839,"Industrial District",6,"5/21/2015 16:13:48.000 ",4137.09836370298
"496",47.66226,-122.28234,47.66207,-122.29334,"Laurelhurst",6,"5/21/2015 19:09:47.981 ",824.982573212022
"497",47.70862,-122.3316,47.68842,-122.32834,"North College Park",7,"5/20/2015 15:48:09.994 ",2261.87947452177
"498",47.65312,-122.3026,47.62791,-122.29369,"University District",7,"5/20/2015 17:57:14.976 ",2884.83911812513
"499",47.6183,-122.29263,47.64329,-122.32092,"Madrona",7,"5/20/2015 18:18:17.021 ",3498.98611409294
"500",47.56626,-122.36484,47.52823,-122.36048,"North Delridge",6,"5/19/2015 8:44:54.960 ",4246.13702279383
"501",47.52239,-122.38869,47.57011,-122.40993,"Fauntleroy",6,"5/19/2015 9:17:40.992 ",5546.7328510887
"502",47.58019,-122.3858,47.5696,-122.32823,"North Admiral",6,"5/19/2015 9:41:25.037 ",4481.29016335645
"503",47.56486,-122.33097,47.55437,-122.34738,"Industrial District",6,"5/19/2015 10:20:09.974 ",1698.01472454753
"504",47.58198,-122.38502,47.53398,-122.36052,"North Admiral",6,"5/19/2015 10:41:15.043 ",5651.43768240795
"505",47.52224,-122.38871,47.55905,-122.36275,"Fauntleroy",6,"5/19/2015 11:47:32.035 ",4538.35864693385
"506",47.56606,-122.36493,47.53721,-122.33705,"North Delridge",6,"5/19/2015 17:03:14.976 ",3834.3045600884
"507",47.52211,-122.38613,47.55946,-122.36279,"Fauntleroy",6,"5/20/2015 11:39:18.000 ",4512.59434313289
"508",47.58231,-122.38694,47.57157,-122.36543,"North Admiral",7,"5/20/2015 23:50:09.974 ",2009.63642384266
"509",47.56614,-122.3654,47.57148,-122.32898,"North Delridge",6,"5/21/2015 8:31:25.997 ",2799.26940578708
"510",47.52242,-122.36545,47.56481,-122.37613,"Roxhill",6,"5/21/2015 11:30:23.962 ",4786.59079957447
"511",47.57968,-122.3855,47.58107,-122.38164,"North Admiral",6,"5/21/2015 11:44:36.038 ",328.56769400888
"512",47.67896,-122.36119,47.69919,-122.36047,"Phinney Ridge",6,"5/19/2015 19:05:45.024 ",2252.63951258998
"513",47.69676,-122.37245,47.67943,-122.36523,"Crown Hill",6,"5/20/2015 15:46:02.986 ",2003.59938675881
"514",47.68039,-122.3513,47.65479,-122.32263,"Phinney Ridge",6,"5/21/2015 20:51:48.038 ",3569.40055010327
"515",47.66826,-122.38385,47.66906,-122.37461,"Adams",6,"5/20/2015 18:46:07.997 ",698.372782161192
"516",47.66833,-122.38376,47.66904,-122.37468,"Adams",6,"5/20/2015 18:46:00.998 ",685.250067964557
"517",47.6994,-122.32379,47.66264,-122.32243,"Maple Leaf",6,"5/19/2015 16:51:27.965 ",4093.37370621832
"518",47.60985,-122.32133,47.61404,-122.32964,"First Hill",6,"5/19/2015 17:22:03.014 ",778.762757411206
"519",47.64942,-122.30963,47.63286,-122.32434,"University District",6,"5/19/2015 19:50:31.027 ",2148.39465431549
"520",47.60731,-122.32788,47.62876,-122.34235,"First Hill",6,"5/19/2015 20:04:10.013 ",2623.07779693834
"521",47.63834,-122.34539,47.69671,-122.32901,"East Queen Anne",6,"5/20/2015 8:30:04.003 ",6612.72971260762
"522",47.60746,-122.32801,47.63215,-122.34323,"First Hill",6,"5/20/2015 18:53:56.976 ",2976.29913171895
"523",47.63225,-122.34303,47.69939,-122.32406,"Westlake",6,"5/21/2015 8:38:22.013 ",7608.09128117904
"524",47.69939,-122.32406,47.66261,-122.34528,"Maple Leaf",6,"5/21/2015 17:19:31.987 ",4392.35915996476
"525",47.5499,-122.31778,47.55268,-122.3225,"Georgetown",6,"5/19/2015 19:17:34.973 ",470.670721247207
"526",47.55361,-122.3251,47.57147,-122.32865,"Georgetown",6,"5/19/2015 19:31:49.037 ",2005.96967923157
"527",47.55372,-122.325,47.57954,-122.32879,"Georgetown",6,"5/20/2015 16:58:58.022 ",2888.33184282345
"528",47.55379,-122.32482,47.58943,-122.3291,"Georgetown",6,"5/21/2015 16:17:44.995 ",3980.42716569079
"529",47.67397,-122.37646,47.66132,-122.3391,"Adams",6,"5/21/2015 7:17:51.994 ",3134.81546703424
"530",47.66043,-122.31489,47.70676,-122.329,"University District",6,"5/21/2015 14:44:14.006 ",5264.72179321125
"531",47.71491,-122.33929,47.71338,-122.34363,"Haller Lake",6,"5/21/2015 16:28:36.019 ",366.979308639756
"532",47.71449,-122.34305,47.6891,-122.37688,"Haller Lake",6,"5/21/2015 16:50:35.002 ",3796.30277316597
"533",47.62245,-122.30174,47.62499,-122.31999,"Stevens",6,"5/21/2015 14:10:38.035 ",1398.16739677769
"534",47.62382,-122.32089,47.48069,-122.27257,"Broadway",6,"5/21/2015 15:37:28.042 ",16341.5108377736
"535",47.62298,-122.31453,47.57737,-122.31962,"Broadway",6,"5/19/2015 7:09:49.968 ",5091.63718593267
"536",47.62137,-122.31683,47.58123,-122.31956,"Broadway",7,"5/20/2015 19:39:01.037 ",4473.06058343876
"537",47.6171,-122.31275,47.54654,-122.30915,"Stevens",6,"5/21/2015 7:13:48.000 ",7859.35345267188
"538",47.60746,-122.32912,47.59047,-122.2392,"First Hill",6,"5/20/2015 9:56:03.984 ",7009.7685694162
"539",47.66279,-122.28945,47.70299,-122.3294,"Bryant",6,"5/19/2015 8:01:57.994 ",5384.24776642387
"540",47.68986,-122.32929,47.66632,-122.30065,"Green Lake",6,"5/19/2015 16:42:49.997 ",3387.42942827258
"541",47.66272,-122.28932,47.6755,-122.30066,"Bryant",6,"5/20/2015 8:06:27.994 ",1657.29363497943
"542",47.6627,-122.2894,47.68099,-122.32041,"Bryant",6,"5/21/2015 8:00:37.037 ",3090.10628685276
"543",47.66278,-122.28941,47.69737,-122.3056,"Bryant",6,"5/21/2015 17:58:50.016 ",4037.20546838435
"544",47.70896,-122.32459,47.66691,-122.29022,"Pinehurst",6,"5/21/2015 19:01:03.965 ",5342.77145406881
"545",47.66271,-122.28935,47.64428,-122.28183,"Bryant",7,"5/20/2015 7:25:30.000 ",2127.7021318498
"546",47.73073,-122.34505,47.72717,-122.29232,"Haller Lake",7,"5/20/2015 17:06:40.003 ",3968.14489722681
"547",47.66161,-122.29234,47.64602,-122.30702,"Ravenna",7,"5/21/2015 7:25:59.981 ",2055.13980972263
"548",47.64602,-122.30702,47.64066,-122.19783,"Montlake",7,"5/21/2015 7:38:53.002 ",8211.04407091823
"549",47.73068,-122.34484,47.72754,-122.29234,"Haller Lake",7,"5/21/2015 17:05:49.027 ",3946.58203928803
"550",47.70095,-122.30231,47.6621,-122.2912,"Meadowbrook",7,"5/21/2015 17:26:59.971 ",4404.18816694502
"551",47.65696,-122.31546,47.66276,-122.28959,"University District",7,"5/21/2015 21:04:43.997 ",2044.29369594505
"552",47.66012,-122.36827,47.67226,-122.38739,"West Woodland",6,"5/20/2015 18:39:22.003 ",1970.00835568611
"553",47.67231,-122.38732,47.6447,-122.37614,"Adams",6,"5/21/2015 6:38:01.997 ",3185.79386683912
"554",47.67228,-122.3874,47.63416,-122.37013,"Adams",6,"5/21/2015 13:18:37.008 ",4436.70563817039
"555",47.62526,-122.3618,47.6364,-122.35815,"Lower Queen Anne",7,"5/19/2015 20:45:06.970 ",1269.96944475676
"556",47.56572,-122.3275,47.56583,-122.32741,"Industrial District",6,"5/19/2015 6:47:05.021 ",13.9872206358734
"557",47.56604,-122.32743,47.57431,-122.31938,"Industrial District",6,"5/19/2015 15:55:53.011 ",1101.39448039803
"558",47.72399,-122.30171,47.58361,-122.32021,"Olympic Hills",6,"5/20/2015 6:28:58.973 ",15688.4827807496
"559",47.566,-122.32731,47.56243,-122.33014,"Industrial District",6,"5/20/2015 11:35:45.024 ",450.691337404848
"560",47.56635,-122.32749,47.59584,-122.32036,"Industrial District",6,"5/20/2015 16:08:11.040 ",3326.18375176068
"561",47.6001,-122.32241,47.69466,-122.30554,"Yesler Terrace",6,"5/20/2015 16:23:03.034 ",10602.1285452877
"562",47.56629,-122.32737,47.57946,-122.33615,"Industrial District",6,"5/21/2015 12:09:01.037 ",1607.54011646171
"563",47.57851,-122.33587,47.5769,-122.32606,"Industrial District",6,"5/21/2015 12:23:04.992 ",758.169761628879
"564",47.56633,-122.32746,47.57715,-122.31925,"Industrial District",6,"5/21/2015 15:59:41.971 ",1353.12976524403
"565",47.7332,-122.3104,47.72432,-122.30159,"Olympic Hills",6,"5/21/2015 18:18:36.979 ",1188.41835664945
"566",47.55101,-122.35468,47.49741,-122.28859,"Riverview",6,"5/20/2015 18:40:03.994 ",7764.26233538554
"567",47.52305,-122.36839,47.48182,-122.3274,"Roxhill",6,"5/19/2015 10:26:51.994 ",5528.79541999527
"568",47.52317,-122.36845,47.47351,-122.34746,"Roxhill",6,"5/19/2015 19:41:07.958 ",5749.10883176802
"569",47.523,-122.36844,47.57124,-122.36043,"Roxhill",6,"5/21/2015 11:12:59.990 ",5403.67457115744
"570",47.615,-122.33524,47.61536,-122.32485,"Belltown",6,"5/20/2015 5:51:03.024 ",780.707475579758
"571",47.6147,-122.33569,47.68225,-122.34642,"Belltown",6,"5/20/2015 19:32:59.021 ",7562.56359151582
"572",47.68329,-122.34753,47.61617,-122.3386,"Phinney Ridge",6,"5/20/2015 21:49:12.979 ",7501.71481655182
"573",47.61557,-122.31431,47.59241,-122.31198,"Broadway",6,"5/19/2015 7:25:26.976 ",2584.0840050282
"574",47.6155,-122.31438,47.58541,-122.17773,"Broadway",6,"5/20/2015 6:54:59.962 ",10790.3374983759
"575",47.61568,-122.31447,47.60735,-122.32906,"Broadway",6,"5/21/2015 8:13:52.003 ",1434.82987059299
"576",47.62251,-122.32188,47.63076,-122.32453,"Broadway",7,"5/20/2015 21:21:30.989 ",939.659587751849
"577",47.66114,-122.31667,47.65267,-122.32051,"University District",7,"5/20/2015 21:37:23.981 ",985.859014998374
"578",47.6372,-122.32771,47.65488,-122.31874,"Eastlake",7,"5/21/2015 20:49:03.965 ",2079.92440592486
"579",47.66015,-122.36946,47.62585,-122.33471,"West Woodland",7,"5/21/2015 21:44:02.026 ",4622.9718516412
"580",47.53433,-122.3193,47.61188,-122.30295,"Georgetown",6,"5/19/2015 16:55:29.021 ",8719.71659049086
"581",47.62507,-122.3215,47.62472,-122.35623,"Broadway",6,"5/19/2015 20:42:05.962 ",2605.98846067637
"582",47.61656,-122.31175,47.61682,-122.31154,"Stevens",6,"5/20/2015 9:22:03.994 ",32.9548485324885
"583",47.53534,-122.31641,47.57684,-122.30333,"Georgetown",6,"5/20/2015 17:39:38.995 ",4723.11003764018
"584",47.61675,-122.31193,47.53778,-122.3192,"Stevens",6,"5/21/2015 9:15:14.026 ",8807.83639399263
"585",47.53554,-122.31638,47.58391,-122.3029,"Georgetown",6,"5/21/2015 16:40:58.973 ",5478.91514853462
"586",47.62967,-122.34072,47.68215,-122.32131,"Westlake",6,"5/20/2015 13:18:56.016 ",6020.60994882656
"587",47.61066,-122.32536,47.60515,-122.32732,"First Hill",6,"5/21/2015 13:51:20.966 ",630.763043506717
"588",47.50386,-122.25228,47.48061,-122.21658,"Rainier View",6,"5/19/2015 21:01:48.000 ",3729.51854685065
"589",47.50392,-122.25217,47.47294,-122.20891,"Rainier View",6,"5/19/2015 10:05:03.984 ",4741.60627763392
"590",47.50393,-122.25217,47.48048,-122.21722,"Rainier View",6,"5/20/2015 17:20:01.018 ",3704.76346160187
"591",47.50385,-122.25233,47.4923,-122.20214,"Rainier View",6,"5/21/2015 10:18:56.016 ",3987.70993316222
"592",47.61729,-122.32174,47.61743,-122.32781,"Broadway",16,"5/19/2015 15:46:44.976 ",455.747738818911
"593",47.70089,-122.34432,47.67472,-122.34737,"North College Park",16,"5/19/2015 17:10:02.006 ",2922.18306822063
"594",47.64944,-122.30636,47.63346,-122.32404,"University District",16,"5/19/2015 19:18:51.005 ",2218.75504627457
"595",47.61751,-122.32127,47.61527,-122.32974,"Broadway",16,"5/20/2015 14:02:08.966 ",682.748685849724
"596",47.65587,-122.28617,47.66078,-122.31601,"Laurelhurst",16,"5/20/2015 18:37:23.981 ",2303.17713753475
"597",47.66154,-122.34075,47.66148,-122.33467,"Wallingford",16,"5/20/2015 21:44:30.019 ",455.895132478141
"598",47.61747,-122.32174,47.62192,-122.3167,"Broadway",16,"5/21/2015 13:40:35.990 ",623.225112413746
"599",47.62401,-122.31017,47.6438,-122.31578,"Stevens",16,"5/21/2015 13:52:24.038 ",2242.84714510584
"600",47.64336,-122.31593,47.62739,-122.32846,"Portage Bay",16,"5/21/2015 14:06:03.974 ",2010.94314149083
"601",47.62657,-122.32994,47.62479,-122.33437,"South Lake Union",6,"5/19/2015 18:23:32.035 ",386.949544349012
"602",47.62663,-122.33025,47.61998,-122.32859,"South Lake Union",6,"5/20/2015 18:22:26.976 ",750.679007733421
"603",47.58287,-122.30172,47.60251,-122.31672,"North Beacon Hill",6,"5/21/2015 8:32:54.989 ",2459.28418434725
"604",47.62658,-122.32994,47.62317,-122.334,"South Lake Union",6,"5/21/2015 17:09:58.982 ",486.70681191098
"605",47.6831,-122.35981,47.66479,-122.30972,"Phinney Ridge",7,"5/19/2015 11:14:56.976 ",4272.16991386371
"606",47.65796,-122.30728,47.66778,-122.33944,"University District",7,"5/19/2015 12:57:23.990 ",2647.35912746219
"607",47.68306,-122.35981,47.66485,-122.3109,"Phinney Ridge",7,"5/19/2015 14:02:46.032 ",4189.25035172595
"608",47.66484,-122.31501,47.68258,-122.35763,"University District",7,"5/19/2015 17:01:28.963 ",3755.77075816671
"609",47.6831,-122.3598,47.66128,-122.30968,"Phinney Ridge",7,"5/20/2015 10:17:24.000 ",4473.78712364529
"610",47.65792,-122.30725,47.66792,-122.33612,"University District",7,"5/20/2015 16:43:50.995 ",2433.94644934566
"611",47.68304,-122.35976,47.6649,-122.32323,"Phinney Ridge",6,"5/20/2015 19:05:38.976 ",3402.24965575269
"612",47.66205,-122.31904,47.66997,-122.33238,"University District",6,"5/20/2015 19:17:29.011 ",1333.21418001458
"613",47.66878,-122.33309,47.68306,-122.35979,"Wallingford",6,"5/20/2015 20:43:30.979 ",2555.78797715248
"614",47.70009,-122.32368,47.66026,-122.30981,"Maple Leaf",7,"5/21/2015 11:13:31.008 ",4554.0849562713
"615",47.65803,-122.30728,47.66504,-122.32737,"University District",7,"5/21/2015 17:15:26.006 ",1696.38077744953
"616",47.6197,-122.35479,47.54832,-122.31173,"Lower Queen Anne",6,"5/19/2015 7:13:13.008 ",8578.59314128027
"617",47.61964,-122.35467,47.60689,-122.32278,"Lower Queen Anne",6,"5/20/2015 12:03:06.019 ",2782.38309272959
"618",47.60704,-122.30918,47.61642,-122.33165,"Minor",6,"5/20/2015 13:29:44.966 ",1983.39867915684
"619",47.61966,-122.3546,47.61872,-122.32546,"Lower Queen Anne",6,"5/20/2015 15:52:05.002 ",2189.03577697129
"620",47.62138,-122.31919,47.61868,-122.34733,"Broadway",6,"5/20/2015 18:05:04.042 ",2132.74890982995
"621",47.61971,-122.3548,47.60436,-122.32779,"Lower Queen Anne",6,"5/21/2015 7:21:26.957 ",2651.13363303515
"622",47.62151,-122.31253,47.61853,-122.34381,"Stevens",6,"5/21/2015 19:58:44.976 ",2370.3993252479
"623",47.6762,-122.31989,47.79624,-122.31529,"Roosevelt",6,"5/19/2015 7:04:16.982 ",13367.2287881005
"624",47.6762,-122.32022,47.65295,-122.32036,"Roosevelt",6,"5/19/2015 16:33:06.019 ",2588.19944275721
"625",47.6823,-122.31701,47.6617,-122.31751,"Roosevelt",6,"5/20/2015 17:40:01.978 ",2293.48777544816
"626",47.62636,-122.3604,47.64247,-122.2731,"Lower Queen Anne",6,"5/19/2015 7:43:10.992 ",6789.8039833451
"627",47.62635,-122.36038,47.64342,-122.3086,"Lower Queen Anne",6,"5/20/2015 7:51:06.019 ",4324.07485601392
"628",47.61116,-122.29872,47.61271,-122.33588,"Mann",6,"5/20/2015 20:56:08.966 ",2794.03745707386
"629",47.63588,-122.37589,47.62758,-122.32807,"West Queen Anne",6,"5/21/2015 7:55:45.005 ",3704.41078074847
"630",47.66084,-122.31202,47.66424,-122.31408,"University District",6,"5/19/2015 19:28:10.963 ",408.784864385142
"631",47.66774,-122.30025,47.66049,-122.31227,"Ravenna",6,"5/19/2015 19:48:41.040 ",1209.72273820309
"632",47.66103,-122.31234,47.6332,-122.32437,"University District",6,"5/20/2015 14:01:12.979 ",3226.7152602344
"633",47.60509,-122.32972,47.65049,-122.32241,"Central Business District",6,"5/20/2015 16:03:13.997 ",5083.57333741414
"634",47.66077,-122.31232,47.65567,-122.3352,"University District",6,"5/20/2015 17:29:41.971 ",1807.03003892836
"635",47.65362,-122.34493,47.66062,-122.31223,"Fremont",6,"5/20/2015 21:34:06.038 ",2572.72615715051
"636",47.66079,-122.31224,47.63489,-122.32381,"University District",6,"5/21/2015 14:06:26.957 ",3010.90903812504
"637",47.55875,-122.28804,47.56392,-122.3134,"Columbia City",6,"5/21/2015 15:29:22.992 ",1990.0416129809
"638",47.65971,-122.35186,47.61063,-122.34502,"Fremont",6,"5/19/2015 19:05:43.987 ",5487.59978013072
"639",47.68539,-122.35547,47.66501,-122.33673,"Greenwood",6,"5/20/2015 8:11:27.024 ",2668.33700721277
"640",47.65972,-122.35182,47.66147,-122.33077,"Fremont",6,"5/21/2015 8:34:35.990 ",1590.2227670462
"641",47.651,-122.35395,47.65336,-122.34987,"Fremont",6,"5/19/2015 17:33:08.035 ",403.267826557103
"642",47.65973,-122.3518,47.57303,-122.33963,"Fremont",6,"5/19/2015 19:09:38.995 ",9694.50919736527
"643",47.65984,-122.35187,47.6855,-122.35637,"Fremont",6,"5/20/2015 7:33:22.003 ",2876.30558579051
"644",47.65965,-122.3088,47.66145,-122.33907,"University District",6,"5/20/2015 8:28:54.019 ",2278.35434731393
"645",47.65976,-122.35177,47.66164,-122.33085,"Fremont",6,"5/21/2015 8:35:05.021 ",1582.39546664269
"646",47.65681,-122.31269,47.6614,-122.33926,"University District",6,"5/21/2015 8:53:42.000 ",2056.65175306268
"647",47.65959,-122.35195,47.69088,-122.34445,"Fremont",6,"5/21/2015 18:23:34.973 ",3528.25981404439
"648",47.69679,-122.35298,47.69028,-122.35623,"Greenwood",6,"5/21/2015 16:54:14.026 ",764.510679946383
"649",47.7092,-122.32452,47.76198,-122.34774,"Pinehurst",6,"5/21/2015 10:58:42.038 ",6127.23450360767
"650",47.73364,-122.31116,47.70985,-122.34486,"Olympic Hills",6,"5/20/2015 10:03:40.003 ",3658.23189748545
"651",47.68138,-122.35522,47.72599,-122.3555,"Phinney Ridge",6,"5/20/2015 10:24:39.974 ",4966.00678471424
"652",47.72705,-122.35627,47.77661,-122.34612,"Broadview",6,"5/19/2015 9:47:03.034 ",5569.05103506077
"653",47.72711,-122.35618,47.66785,-122.37632,"Broadview",6,"5/20/2015 9:49:16.003 ",6767.17126431344
"654",47.65962,-122.40117,47.67217,-122.37621,"Lawton Park",6,"5/20/2015 16:26:46.982 ",2335.21041400271
"655",47.675,-122.31747,47.67397,-122.28921,"Roosevelt",6,"5/19/2015 17:38:11.040 ",2121.35940146792
"656",47.68015,-122.28503,47.67868,-122.32448,"Bryant",6,"5/21/2015 8:18:09.994 ",2961.26231721481
"657",47.68072,-122.32774,47.67769,-122.29115,"Green Lake",6,"5/21/2015 10:03:34.992 ",2763.05938985679
"658",47.67507,-122.31738,47.67943,-122.28998,"Roosevelt",6,"5/21/2015 17:53:10.982 ",2110.26055236076
"659",47.62486,-122.32167,47.64298,-122.32251,"Broadway",6,"5/21/2015 21:00:24.019 ",2018.09314255129
"660",47.62653,-122.33246,47.64894,-122.34985,"South Lake Union",7,"5/19/2015 17:13:48.029 ",2815.11037718791
"661",47.66847,-122.37528,47.63565,-122.34047,"West Woodland",7,"5/20/2015 7:56:06.000 ",4490.21017518671
"662",47.66998,-122.3926,47.64715,-122.34979,"Adams",7,"5/21/2015 7:54:19.987 ",4094.13728414729
"663",47.62601,-122.33193,47.66142,-122.34691,"South Lake Union",7,"5/21/2015 17:21:59.040 ",4098.80843740317
"664",47.67462,-122.38143,47.66998,-122.39258,"Adams",7,"5/21/2015 17:59:54.989 ",982.521741754176
"665",47.67236,-122.38044,47.66459,-122.341,"Adams",6,"5/20/2015 15:26:58.963 ",3080.53116067143
"666",47.6692,-122.328,47.65415,-122.35894,"Wallingford",6,"5/20/2015 16:56:00.038 ",2861.4471742581
"667",47.65164,-122.34191,47.66307,-122.37475,"Wallingford",7,"5/20/2015 18:02:31.027 ",2771.67780004373
"668",47.66283,-122.37448,47.6757,-122.39834,"West Woodland",7,"5/20/2015 18:20:14.006 ",2291.67557665293
"669",47.67223,-122.38754,47.66154,-122.37486,"Adams",7,"5/21/2015 8:57:49.968 ",1523.06193914603
"670",47.65161,-122.34154,47.57431,-122.3395,"Wallingford",7,"5/21/2015 10:27:54.979 ",8606.35833875351
"671",47.67444,-122.29837,47.64998,-122.30442,"Ravenna",6,"5/19/2015 8:47:08.966 ",2760.39699090568
"672",47.64165,-122.30202,47.64544,-122.30445,"Montlake",6,"5/19/2015 17:45:06.970 ",459.582256450801
"673",47.67451,-122.29824,47.62711,-122.30247,"Ravenna",6,"5/20/2015 9:43:32.995 ",5286.06999862805
"674",47.62443,-122.29431,47.66076,-122.29906,"Harrison/Denny-Blaine",6,"5/20/2015 15:36:29.981 ",4059.89828444037
"675",47.67585,-122.303,47.63659,-122.30169,"Ravenna",6,"5/21/2015 9:39:20.966 ",4371.50691531338
"676",47.61793,-122.30379,47.63791,-122.30146,"Minor",6,"5/21/2015 17:09:32.976 ",2231.02200430993
"677",47.56299,-122.30717,47.5793,-122.39458,"North Beacon Hill",6,"5/19/2015 15:02:50.035 ",6811.31790490502
"678",47.58141,-122.40193,47.56339,-122.31305,"North Admiral",6,"5/20/2015 6:08:25.958 ",6970.01716408541
"679",47.56296,-122.30729,47.58133,-122.40191,"North Beacon Hill",6,"5/20/2015 15:03:56.995 ",7394.62210631666
"680",47.58027,-122.4072,47.56021,-122.3856,"Alki",6,"5/21/2015 12:05:29.962 ",2760.14465231027
"681",47.56187,-122.38071,47.52332,-122.39672,"Genesee",6,"5/20/2015 11:50:47.990 ",4456.81706844179
"682",47.52165,-122.36893,47.50616,-122.32492,"Roxhill",7,"5/21/2015 16:16:17.040 ",3731.29039685523
"683",47.54693,-122.35175,47.5229,-122.35872,"Riverview",16,"5/19/2015 10:53:41.971 ",2725.81590074606
"684",47.54665,-122.35211,47.54714,-122.37639,"Riverview",16,"5/20/2015 10:54:21.024 ",1825.19400140129
"685",47.56131,-122.37927,47.52276,-122.39798,"Fairmount Park",16,"5/20/2015 20:45:56.995 ",4515.81841486864
"686",47.54624,-122.35233,47.52111,-122.37314,"Riverview",16,"5/21/2015 14:19:05.981 ",3204.99568518541
"687",47.73178,-122.29319,47.68202,-122.32155,"Olympic Hills",6,"5/19/2015 11:27:29.002 ",5932.67165507664
"688",47.6626,-122.31752,47.76048,-122.31262,"University District",6,"5/19/2015 13:07:56.006 ",10902.1314926203
"689",47.64089,-122.40065,47.64521,-122.3763,"Southeast Magnolia",6,"5/19/2015 19:25:24.038 ",1888.53429984284
"690",47.70459,-122.35599,47.77542,-122.31064,"Greenwood",6,"5/19/2015 20:38:55.018 ",8584.60044633075
"691",47.58389,-122.32962,47.59513,-122.29722,"Industrial District",6,"5/19/2015 6:17:06.000 ",2735.46615989568
"692",47.59497,-122.2972,47.60172,-122.33638,"Leschi",6,"5/19/2015 12:01:09.034 ",3035.53178546607
"693",47.57444,-122.32837,47.59249,-122.33361,"Industrial District",6,"5/21/2015 7:36:07.027 ",2047.4765937288
"694",47.6494,-122.34553,47.62382,-122.33865,"Fremont",6,"5/19/2015 11:40:10.963 ",2893.93951176915
"695",47.61583,-122.33553,47.64822,-122.37621,"Belltown",6,"5/19/2015 14:21:28.973 ",4723.71224280016
"696",47.65019,-122.37814,47.64742,-122.35302,"Interbay",6,"5/19/2015 16:34:38.986 ",1908.89271137215
"697",47.63449,-122.33983,47.57089,-122.17843,"Westlake",6,"5/19/2015 20:54:09.994 ",14031.6549455434
"698",47.54838,-122.3169,47.50736,-122.28752,"Georgetown",6,"5/20/2015 18:59:11.990 ",5072.30838575196
"699",47.6159,-122.33571,47.61619,-122.33142,"Belltown",6,"5/21/2015 17:09:44.035 ",323.536114503871
"700",47.61622,-122.33218,47.47996,-122.21702,"Belltown",6,"5/21/2015 17:36:48.960 ",17462.8586002423
"701",47.62122,-122.30119,47.62658,-122.18903,"Stevens",7,"5/19/2015 7:14:00.960 ",8436.34513524761
"702",47.62119,-122.30094,47.63674,-122.23585,"Stevens",7,"5/20/2015 7:20:53.002 ",5180.88085834354
"703",47.6212,-122.30096,47.64186,-122.21275,"Stevens",7,"5/21/2015 7:16:45.034 ",7005.58487118479
"704",47.62557,-122.30861,47.61041,-122.3102,"Stevens",6,"5/19/2015 14:06:24.019 ",1691.81564403623
"705",47.6049,-122.30455,47.60867,-122.31077,"Minor",6,"5/19/2015 17:24:34.992 ",627.740494849773
"706",47.60594,-122.30265,47.60842,-122.3111,"Mann",6,"5/20/2015 17:20:11.040 ",691.678822712203
"707",47.67415,-122.37836,47.70822,-122.35526,"Adams",6,"5/19/2015 9:39:09.043 ",4168.97516700103
"708",47.66398,-122.33096,47.73396,-122.31278,"Wallingford",6,"5/21/2015 11:42:03.024 ",7908.31592465516
"709",47.67416,-122.37843,47.61856,-122.35628,"Adams",6,"5/21/2015 20:14:30.019 ",6408.40954128342
"710",47.60692,-122.33583,47.63526,-122.37611,"Central Business District",6,"5/21/2015 20:52:49.987 ",4368.88268203927
"711",47.70259,-122.32482,47.81539,-122.28935,"Maple Leaf",6,"5/20/2015 7:59:31.978 ",12834.3264177804
"712",47.70265,-122.32469,47.82802,-122.26561,"Maple Leaf",6,"5/21/2015 7:41:35.002 ",14639.5309605661
"713",47.5579,-122.28495,47.55698,-122.29576,"Columbia City",6,"5/19/2015 19:28:29.971 ",818.523182711816
"714",47.55707,-122.29544,47.5881,-122.29956,"Mid-Beacon Hill",6,"5/20/2015 18:23:30.998 ",3468.07467094956
"715",47.5881,-122.29956,47.55697,-122.29573,"Atlantic",6,"5/20/2015 19:53:27.974 ",3477.29306897987
"716",47.55703,-122.29534,47.57463,-122.3095,"Mid-Beacon Hill",6,"5/19/2015 8:09:20.016 ",2229.29813660172
"717",47.58148,-122.30088,47.59592,-122.31993,"North Beacon Hill",6,"5/19/2015 9:40:47.021 ",2151.63825105813
"718",47.55698,-122.29542,47.56918,-122.28878,"Mid-Beacon Hill",6,"5/20/2015 8:20:22.013 ",1446.78990873706
"719",47.57462,-122.30935,47.55829,-122.29685,"North Beacon Hill",6,"5/21/2015 8:56:08.966 ",2045.99147882846
"720",47.5553,-122.29212,47.5579,-122.28423,"Mid-Beacon Hill",6,"5/21/2015 14:42:17.971 ",659.627671544065
"721",47.69587,-122.31062,47.72363,-122.29208,"Maple Leaf",6,"5/19/2015 18:13:31.037 ",3387.9390742797
"722",47.69593,-122.3106,47.66193,-122.31204,"Maple Leaf",6,"5/21/2015 8:59:26.995 ",3786.40118217761
"723",47.64957,-122.31069,47.66329,-122.31192,"University District",6,"5/21/2015 18:38:19.968 ",1530.08551897062
"724",47.56565,-122.36516,47.52914,-122.39285,"North Delridge",6,"5/19/2015 7:52:33.974 ",4565.86846255127
"725",47.56804,-122.36739,47.52247,-122.38734,"North Delridge",6,"5/19/2015 10:11:37.018 ",5289.68956167036
"726",47.5219,-122.3877,47.56563,-122.36543,"Fauntleroy",6,"5/19/2015 11:20:46.982 ",5147.6079671279
"727",47.5657,-122.36523,47.57935,-122.40999,"North Delridge",6,"5/19/2015 15:07:20.035 ",3689.05938794926
"728",47.57936,-122.41074,47.56544,-122.36964,"Alki",6,"5/19/2015 16:22:04.973 ",3453.83503850145
"729",47.56568,-122.36491,47.52949,-122.39276,"North Delridge",6,"5/20/2015 7:23:42.000 ",4539.71426597955
"730",47.54464,-122.3867,47.56476,-122.37229,"Gatewood",6,"5/20/2015 8:45:41.962 ",2487.6658873868
"731",47.56574,-122.36528,47.57138,-122.33921,"North Delridge",6,"5/20/2015 9:26:33.994 ",2056.26260580085
"732",47.56427,-122.37707,47.59137,-122.38216,"Fairmount Park",6,"5/20/2015 14:51:45.965 ",3040.8768136486
"733",47.56569,-122.36513,47.55572,-122.38696,"North Delridge",6,"5/20/2015 17:43:39.014 ",1980.12756883896
"734",47.55572,-122.39222,47.5657,-122.3652,"Seaview",6,"5/20/2015 19:35:51.994 ",2313.87857385779
"735",47.56085,-122.37636,47.52405,-122.36672,"Fairmount Park",6,"5/21/2015 8:32:54.038 ",4160.11308528623
"736",47.52405,-122.36672,47.56763,-122.36744,"Roxhill",6,"5/21/2015 8:48:45.043 ",4851.60506555171
"737",47.56565,-122.3653,47.54468,-122.38885,"North Delridge",6,"5/21/2015 17:47:34.973 ",2929.08179494412
"738",47.52674,-122.39319,47.5301,-122.40122,"Fauntleroy",6,"5/21/2015 18:01:58.973 ",710.077431613133
"739",47.5315,-122.40005,47.52708,-122.396,"Fauntleroy",6,"5/21/2015 18:13:30.000 ",578.588460395012
"740",47.52633,-122.39342,47.56475,-122.36614,"Fauntleroy",6,"5/21/2015 19:07:59.981 ",4742.75347168845
"741",47.56569,-122.36525,47.54479,-122.388,"North Delridge",6,"5/21/2015 17:47:36.010 ",2886.8900440496
"742",47.52722,-122.39462,47.56558,-122.36532,"Fauntleroy",6,"5/21/2015 19:10:22.973 ",4804.34961613297
"743",47.57881,-122.31164,47.56158,-122.2931,"North Beacon Hill",6,"5/19/2015 17:03:44.006 ",2370.19072844186
"744",47.56536,-122.29717,47.55759,-122.28489,"Columbia City",6,"5/20/2015 16:18:49.968 ",1264.53972845554
"745",47.55759,-122.28489,47.59166,-122.29751,"Columbia City",6,"5/20/2015 17:02:30.998 ",3909.28006316218
"746",47.65508,-122.31518,47.64731,-122.30462,"University District",6,"5/20/2015 17:53:19.018 ",1172.70259961608
"747",47.56146,-122.29386,47.61,-122.29622,"Columbia City",6,"5/21/2015 12:32:22.013 ",5406.35274015899
"748",47.62135,-122.31294,47.57691,-122.29641,"Broadway",6,"5/21/2015 13:26:13.978 ",5100.27457251038
"749",47.56539,-122.29734,47.55073,-122.27722,"Columbia City",6,"5/19/2015 19:21:57.974 ",2224.36629940259
"750",47.55073,-122.27722,47.56548,-122.29729,"Columbia City",6,"5/19/2015 20:43:51.974 ",2229.18402149083
"751",47.59507,-122.31293,47.59535,-122.18015,"North Beacon Hill",6,"5/19/2015 21:46:04.973 ",9967.82493077262
"752",47.59327,-122.31054,47.60472,-122.18535,"North Beacon Hill",6,"5/20/2015 21:46:18.019 ",9483.36320213515
"753",47.70153,-122.36125,47.68679,-122.32296,"Greenwood",6,"5/19/2015 7:24:51.034 ",3305.06642560831
"754",47.69634,-122.29092,47.6905,-122.336,"Wedgwood",6,"5/19/2015 17:09:53.971 ",3439.78552796283
"755",47.70133,-122.36157,47.70178,-122.30218,"Greenwood",6,"5/20/2015 7:30:15.034 ",4449.61294290184
"756",47.69367,-122.28909,47.67526,-122.27979,"Wedgwood",6,"5/20/2015 15:46:42.038 ",2164.66104377164
"757",47.67526,-122.27979,47.68307,-122.31261,"Bryant",6,"5/20/2015 16:57:52.013 ",2608.95878956219
"758",47.70141,-122.3616,47.68673,-122.31768,"Greenwood",6,"5/21/2015 7:32:33.965 ",3674.2488728032
"759",47.71942,-122.31182,47.70244,-122.36074,"Olympic Hills",6,"5/21/2015 20:15:10.022 ",4123.09211475515
"760",47.71101,-122.33337,47.70436,-122.32572,"Haller Lake",6,"5/19/2015 11:43:13.958 ",936.157924197924
"761",47.70436,-122.32572,47.71085,-122.33341,"Maple Leaf",6,"5/19/2015 12:25:15.974 ",924.003651003344
"762",47.71104,-122.33325,47.74633,-122.33824,"Haller Lake",6,"5/19/2015 15:55:35.040 ",3946.19365122288
"763",47.71096,-122.33334,47.74618,-122.33811,"Haller Lake",6,"5/20/2015 10:17:50.006 ",3936.9077668162
"764",47.71058,-122.33344,47.74622,-122.33828,"Haller Lake",6,"5/20/2015 16:06:44.986 ",3983.94489759542
"765",47.72846,-122.3443,47.7109,-122.33336,"Haller Lake",6,"5/21/2015 10:50:43.037 ",2119.52679344618
"766",47.7105,-122.33343,47.72139,-122.3132,"Haller Lake",6,"5/21/2015 14:10:43.997 ",1940.43671180753
"767",47.71096,-122.33326,47.74624,-122.33807,"Haller Lake",6,"5/21/2015 16:16:54.019 ",3943.83181821341
"768",47.71114,-122.33326,47.72784,-122.34239,"Haller Lake",6,"5/21/2015 16:36:02.016 ",1980.79241770305
"769",47.55981,-122.3886,47.52082,-122.39048,"Genesee",6,"5/21/2015 17:41:46.003 ",4342.64567549803
"770",47.52066,-122.39032,47.57141,-122.41168,"Fauntleroy",6,"5/21/2015 19:27:52.992 ",5873.02864461915
"771",47.57176,-122.41206,47.55982,-122.3886,"Alki",6,"5/21/2015 17:16:34.003 ",2207.20437850985
"772",47.55982,-122.3886,47.52212,-122.38745,"Genesee",6,"5/21/2015 17:43:14.995 ",4197.63449113008
"773",47.52219,-122.38733,47.57158,-122.412,"Fauntleroy",6,"5/21/2015 19:30:08.986 ",5802.14709838586
"774",47.62577,-122.34407,47.70387,-122.32952,"Lower Queen Anne",6,"5/19/2015 9:38:29.040 ",8762.215237377
"775",47.62797,-122.34357,47.69064,-122.34486,"Lower Queen Anne",6,"5/20/2015 9:51:12.989 ",6977.06293379458
"776",47.69625,-122.35966,47.73742,-122.32664,"Greenwood",6,"5/20/2015 12:40:31.037 ",5207.6894403462
"777",47.6297,-122.37244,47.69071,-122.36071,"Interbay",6,"5/21/2015 8:02:22.013 ",6848.30898417827
"778",47.69623,-122.35973,47.70912,-122.32953,"Greenwood",6,"5/21/2015 15:17:47.990 ",2679.11215353967
"779",47.72568,-122.34716,47.69066,-122.35509,"Bitter Lake",6,"5/21/2015 16:48:17.971 ",3943.40544123755
"780",47.69633,-122.35969,47.64263,-122.34713,"Greenwood",6,"5/21/2015 17:48:35.971 ",6051.55060045446
"781",47.62569,-122.34412,47.6485,-122.37677,"Lower Queen Anne",6,"5/21/2015 19:25:05.981 ",3527.81255362467
"782",47.64831,-122.37831,47.62539,-122.34517,"Interbay",6,"5/21/2015 20:10:19.027 ",3562.19537044332
"783",47.60569,-122.33506,47.63178,-122.37499,"Central Business District",6,"5/19/2015 16:29:37.018 ",4172.80153089814
"784",47.674,-122.3758,47.61857,-122.35325,"West Woodland",6,"5/21/2015 6:33:37.008 ",6397.99857360069
"785",47.66869,-122.3765,47.70003,-122.3651,"Adams",6,"5/21/2015 13:39:24.970 ",3591.8364106437
"786",47.70003,-122.3651,47.67379,-122.37613,"Greenwood",6,"5/21/2015 14:38:27.024 ",3035.71959312897
"787",47.5824,-122.38493,47.57151,-122.3597,"North Admiral",6,"5/20/2015 8:12:37.958 ",2249.30751577496
"788",47.68058,-122.27628,47.65703,-122.30181,"View Ridge",6,"5/20/2015 16:25:42.960 ",3245.83132568355
"789",47.58235,-122.38545,47.57499,-122.30335,"North Admiral",6,"5/21/2015 8:12:19.987 ",6219.38616621761
"790",47.68049,-122.27584,47.66139,-122.29817,"View Ridge",6,"5/21/2015 15:58:33.024 ",2706.03387184489
"791",47.62803,-122.29501,47.58637,-122.28667,"Stevens",6,"5/21/2015 16:46:18.998 ",4679.62127127257
"792",47.61335,-122.3302,47.60745,-122.32274,"Broadway",6,"5/20/2015 14:01:36.998 ",863.022730197862
"793",47.61271,-122.3296,47.63708,-122.34032,"First Hill",6,"5/20/2015 19:14:31.978 ",2829.57131026715
"794",47.63708,-122.34032,47.61207,-122.32912,"Westlake",6,"5/20/2015 20:54:29.002 ",2908.15014435674
"795",47.61331,-122.33024,47.59575,-122.33326,"Broadway",6,"5/21/2015 12:32:43.958 ",1967.86847474332
"796",47.65999,-122.36816,47.61849,-122.34342,"West Woodland",6,"5/21/2015 14:11:15.014 ",4978.52036233069
"797",47.61303,-122.32902,47.50036,-122.27488,"First Hill",7,"5/19/2015 6:48:02.995 ",13185.3577184536
"798",47.61317,-122.32934,47.50358,-122.27833,"First Hill",7,"5/21/2015 6:58:21.014 ",12787.1867331792
"799",47.69091,-122.342,47.62607,-122.34371,"North College Park",6,"5/19/2015 7:41:45.974 ",7219.0944410516
"800",47.61368,-122.3516,47.60631,-122.34016,"Belltown",6,"5/20/2015 16:37:55.027 ",1187.52519737102
"801",47.5982,-122.33048,47.59108,-122.3217,"Pioneer Square",6,"5/20/2015 16:54:44.006 ",1030.84746485997
"802",47.61359,-122.35188,47.59857,-122.33564,"Belltown",6,"5/21/2015 16:37:15.974 ",2069.13474282436
"803",47.60902,-122.31454,47.59525,-122.32087,"Minor",6,"5/19/2015 15:55:25.018 ",1604.8166541206
"804",47.60895,-122.31472,47.59835,-122.3307,"Minor",6,"5/20/2015 16:07:47.021 ",1682.55281016805
"805",47.59843,-122.33123,47.59913,-122.33142,"Pioneer Square",6,"5/20/2015 16:46:18.998 ",79.2181007785126
"806",47.59834,-122.33117,47.54117,-122.30394,"Pioneer Square",6,"5/21/2015 16:51:27.014 ",6684.67214270602
"807",47.67323,-122.40166,47.6742,-122.34722,"Sunset Hill",6,"5/20/2015 16:08:43.958 ",4082.09689517359
"808",47.67396,-122.35167,47.66953,-122.38374,"Phinney Ridge",6,"5/20/2015 16:57:05.011 ",2454.02754525481
"809",47.65405,-122.35275,47.63046,-122.34231,"Fremont",7,"5/21/2015 10:41:47.011 ",2740.28175952234
"810",47.63046,-122.34231,47.66232,-122.36832,"Westlake",7,"5/21/2015 10:54:00.029 ",4047.67951396882
"811",47.69337,-122.34466,47.6907,-122.38404,"Greenwood",7,"5/21/2015 16:00:23.962 ",2965.70847616492
"812",47.67351,-122.40122,47.65,-122.34633,"Sunset Hill",7,"5/20/2015 17:21:37.958 ",4877.02401473
"813",47.65481,-122.3125,47.66227,-122.37088,"University District",7,"5/20/2015 20:56:06.979 ",4455.35044087054
"814",47.61156,-122.33387,47.61586,-122.3306,"Central Business District",6,"5/21/2015 17:16:18.970 ",537.908627287797
"815",47.69333,-122.3182,47.67935,-122.27619,"Maple Leaf",6,"5/20/2015 18:16:10.013 ",3511.83662916836
"816",47.68537,-122.26406,47.66122,-122.28907,"Sand Point",6,"5/20/2015 20:05:42.029 ",3277.46663834854
"817",47.6931,-122.31847,47.67941,-122.29043,"Maple Leaf",6,"5/20/2015 18:14:20.026 ",2595.74695982158
"818",47.68534,-122.26415,47.66117,-122.28978,"Sand Point",6,"5/20/2015 20:05:47.040 ",3306.0818312579
"819",47.72177,-122.32615,47.71883,-122.31975,"Haller Lake",6,"5/20/2015 19:12:38.016 ",580.3773196474
"820",47.73399,-122.34492,47.71828,-122.31912,"Haller Lake",6,"5/21/2015 15:10:44.026 ",2605.92411797465
"821",47.71714,-122.34403,47.72898,-122.33442,"Haller Lake",7,"5/19/2015 16:17:06.029 ",1501.69578922762
"822",47.7206,-122.30071,47.74854,-122.32237,"Olympic Hills",6,"5/19/2015 20:30:54.029 ",3507.64846921439
"823",47.72807,-122.31641,47.74989,-122.32578,"Pinehurst",7,"5/21/2015 17:20:01.968 ",2528.25208493219
"824",47.61109,-122.34322,47.54919,-122.31343,"Pike-Market",6,"5/21/2015 21:28:53.962 ",7244.686266281
"825",47.62142,-122.33555,47.62448,-122.33424,"South Lake Union",7,"5/19/2015 19:10:27.034 ",354.534633416277
"826",47.62153,-122.33615,47.64239,-122.20135,"South Lake Union",6,"5/21/2015 8:29:44.995 ",10375.5016382429
"827",47.62034,-122.33563,47.63799,-122.24356,"South Lake Union",7,"5/21/2015 19:05:47.011 ",7181.20852375254
"828",47.58728,-122.33445,47.54582,-122.33411,"Industrial District",6,"5/19/2015 16:06:29.002 ",4615.37674131213
"829",47.61452,-122.33971,47.60765,-122.33197,"Belltown",6,"5/20/2015 19:00:18.000 ",960.348332350963
"830",47.58736,-122.33445,47.5067,-122.28087,"Industrial District",6,"5/20/2015 19:31:37.027 ",9840.28495590991
"831",47.61482,-122.33947,47.59111,-122.32136,"Belltown",6,"5/21/2015 18:37:02.035 ",2968.85295808353
"832",47.64353,-122.30458,47.66314,-122.28119,"Montlake",6,"5/19/2015 6:34:59.002 ",2800.29665240633
"833",47.66212,-122.28071,47.65901,-122.30131,"Laurelhurst",6,"5/19/2015 17:21:14.026 ",1582.83239565398
"834",47.56869,-122.32018,47.66113,-122.29256,"Industrial District",6,"5/20/2015 6:11:45.974 ",10497.031077484
"835",47.66203,-122.28067,47.65964,-122.30085,"Laurelhurst",6,"5/20/2015 17:11:34.022 ",1536.22297313018
"836",47.64364,-122.30458,47.66206,-122.28069,"Montlake",6,"5/21/2015 6:36:48.989 ",2722.83637936273
"837",47.66206,-122.28069,47.66047,-122.30004,"Laurelhurst",6,"5/21/2015 17:20:43.958 ",1461.52459717516
"838",47.71988,-122.29539,47.76511,-122.29542,"Olympic Hills",7,"5/20/2015 13:34:28.013 ",5034.98106941455
"839",47.71995,-122.2954,47.77716,-122.31314,"Olympic Hills",7,"5/20/2015 13:36:28.022 ",6505.54004478675
"840",47.6816,-122.37702,47.66106,-122.34747,"Loyal Heights",17,"5/19/2015 7:09:59.990 ",3183.50396462974
"841",47.68176,-122.37692,47.65061,-122.35137,"Loyal Heights",17,"5/21/2015 18:45:06.998 ",3961.45736529354
"842",47.65061,-122.35137,47.68208,-122.37713,"Fremont",17,"5/21/2015 21:18:59.011 ",4000.24952012293
"843",47.61986,-122.32981,47.71376,-122.32739,"South Lake Union",7,"5/19/2015 14:52:21.043 ",10454.4744297468
"844",47.60836,-122.31892,47.61216,-122.31825,"First Hill",7,"5/21/2015 14:08:08.995 ",425.992034504441
"845",47.60884,-122.31883,47.58947,-122.26371,"First Hill",7,"5/21/2015 14:57:00.029 ",4665.6918938145
"846",47.60311,-122.33836,47.60323,-122.34162,"Central Business District",7,"5/20/2015 15:38:03.984 ",245.05491079317
"847",47.60862,-122.31821,47.64467,-122.28736,"First Hill",6,"5/21/2015 18:56:42.000 ",4632.67585845458
"848",47.58006,-122.33111,47.58572,-122.32606,"Industrial District",6,"5/19/2015 9:46:02.035 ",735.372510449289
"849",47.5858,-122.32594,47.57905,-122.18947,"Industrial District",6,"5/19/2015 22:30:24.019 ",10274.7991290444
"850",47.59109,-122.29873,47.57887,-122.14331,"Atlantic",6,"5/20/2015 20:28:35.011 ",11748.6566718916
"851",47.59105,-122.29857,47.57799,-122.1384,"Atlantic",6,"5/21/2015 22:39:29.030 ",12113.9509749078
"852",47.6109,-122.33488,47.63189,-122.37524,"Central Business District",6,"5/19/2015 16:48:20.995 ",3824.95788610267
"853",47.66904,-122.4095,47.67039,-122.37863,"Lawton Park",6,"5/20/2015 8:17:40.963 ",2318.97993489774
"854",47.67038,-122.3786,47.61858,-122.35667,"Adams",6,"5/20/2015 8:36:25.978 ",5996.32629001432
"855",47.61086,-122.33482,47.6186,-122.35541,"Central Business District",6,"5/20/2015 16:57:01.037 ",1769.10926908391
"856",47.63881,-122.39753,47.66906,-122.40954,"Southeast Magnolia",6,"5/20/2015 17:30:30.960 ",3485.75954886109
"857",47.66906,-122.40954,47.62924,-122.37186,"Lawton Park",6,"5/21/2015 7:39:20.995 ",5256.79274814418
"858",47.518,-122.38563,47.57084,-122.34936,"Fauntleroy",6,"5/21/2015 10:46:39.994 ",6482.84675026598
"859",47.66908,-122.40953,47.64483,-122.34691,"Lawton Park",6,"5/21/2015 12:55:48.000 ",5416.02875397546
"860",47.66905,-122.40951,47.64684,-122.35129,"Lawton Park",6,"5/21/2015 16:19:53.040 ",5016.85702325551
"861",47.66269,-122.29985,47.65181,-122.30363,"Ravenna",6,"5/21/2015 18:24:33.034 ",1243.87706479806
"862",47.66699,-122.3841,47.64606,-122.34977,"Adams",7,"5/20/2015 14:07:25.018 ",3471.97986931359
